shift_id,category,note
S100737,relief_problem,Next shift guard did not pitch. Had to cover.
S106900,relief_problem,client signed for the extra hrs but real reason is relief no show again
S108361,equipment_failure,"masjien is stukkend, alles met die hand gedoen"
S100877,equipment_failure,"generator fault, stayed to monitor"
S108162,client_requested,"client asked us to stay for the delivery, ok'd by centre mgmt"
S102786,absence_cover,Covering for Mahlangu - booked off sick
S107007,no_useful_information,
S106106,late_handover,shift handover delayed by 30 min
S106463,relief_problem,double shift because relief never pitched
S102332,relief_problem,double shift because relief never pitched
S108056,unclear_or_mixed,Nexxt shift guuard did not pitch. Had to cover.
S103439,relief_problem,"no replacement sent, ngicela sort this out"
S100571,relief_problem,relief no show AGAIN
S101332,late_handover,"handover late again, keys missing"
S107753,relief_problem,"no replacement sent, ngicela sort this out.."
S106253,client_requested,Client requested deep clean before the audit - approved
S100168,no_useful_information,all fine
S104252,no_useful_information,sharp
S103008,late_handover,"oorhandiging was laat, gewag vir sleutels"
S105453,no_useful_information,akukho lutho
S106113,unclear_or_mixed,etra hours approved by client for the event setup
S106907,late_handover,"oorhandiging was laat, gewag vir sleutels"
S106876,late_handover,"oorhandiging was laat, gewag vir sleutels"
S105345,relief_problem,"next shift akafikanga, ngihlale kuze kube 06h00"
S106814,absence_cover,"Mabaso didnt come in, covered the post"
S109082,late_handover,"hanodver late again, keys missing"
S107738,late_handover,"waited 50 min for handover, OB book not signed"
S107339,unclear_or_mixed,"additional cover requested by site manager, signed off"
S100205,no_useful_information,no issues on site
S108984,absence_cover,Covering for Pillay - booked off sick
S104765,late_handover,"waited 50 min for handover, ob book not signed"
S102055,absence_cover,"covering Wyk post, no show no call"
S101825,late_handover,"late handover, waiting on paperwork"
S102559,no_useful_information,no incidents
S106334,client_requested,Client asked for extra patrol aftter the break-in Tuesday
S101061,client_requested,"stocktake ran over, client asked us to remain, they know they pay for it"
S108139,client_requested,"client asked us to stay for the delivery, ok'd by centre mgmt"
S106859,no_useful_information,fine
S103877,no_useful_information,sharp
S103656,absence_cover,"DOUBLE DUTY TODAY, FOURIE ON FAMILY RESPONSIBILITY LEAVE"
S105093,client_requested,"client asked us to stay for the delivery, ok'd by centre mgmt.."
S105680,client_requested,"client wanted extra man on the gate for the event, approved"
S101121,no_useful_information,niks om te rapporteer nie
S108690,no_useful_information,no incidents
S105807,client_requested,klient het ekstra ure gevra vir stockake
S105217,late_handover,shift handover delayed by 25 min
S105371,no_useful_information,ok
S106224,absence_cover,"gedek vir Adams, siek gemeld"
S108070,cover_unspecified,stood in for Radebe
S104308,relief_problem,Next shift guard did not pitch. Had to cover
S105062,no_useful_information,quiet shift
S101434,equipment_failure,"scrubber broke down, had to do the floor manually.."
S103671,absence_cover,Covering for September - booked off sick..
S108354,absence_cover,"gedek vir Tshabaala, siek gemeld"
S108267,unclear_or_mixed,Centre mgr requested additionaal cover for stocktake
S108389,unclear_or_mixed,"requested by centre management for load in, signed off"
S103433,client_requested,"stocktake ran over, client asked us to remain, they know they pay for it"
S106978,relief_problem,"next shift akafikanga, ngihlale kuze kube six"
S106245,no_useful_information,sharp
S106878,unclear_or_mixed,"September didt come in, covered the post"
S104428,client_requested,"stocktake ran over, client asked us to remain, thhey know they pay for it"
S102342,no_useful_information,.
S105877,no_useful_information,all good
S106936,no_useful_information,ok
S107938,late_handover,"late handover, waiting on paperwork"
S108000,late_handover,"handover late agn, keys missing.."
S103399,no_useful_information,ntr
S101233,cover_unspecified,"took Jacobs shift as well, 2 posts 1 guard"
S101223,client_requested,Client requested deep clean before the audit - approved
S105661,relief_problem,double shift because relief never pitched
S108187,late_handover,"oorhandiging was laat, gewag vir sletuels !"
S106210,no_useful_information,all good
S104295,equipment_failure,"machine down again, took twice as long"
S101088,equipment_failure,"scrubber broke down, had to do the floor manualyl"
S104328,unclear_or_mixed,Centre manager requested additional cover for stocktake
S101143,unclear_or_mixed,extra hours approved by client for the event seup
S107378,no_useful_information,n/a
S109333,equipment_failure,"lift out of order, everything carried up stairs, took long"
S106514,late_handover,shift handover delayed by 25 min
S101642,client_requested,Client requested deep clean before the audit - approved
S100593,cover_unspecified,"took fourie shift as wll, 2 posts 1 guard"
S105147,client_requested,"client says stay till 06:00, dont know if office approved"
S105777,client_requested,"client asked us to stay for the delivery, ok'd by centre mgmt"
S103083,relief_problem,"still on site, relief was suppose to come 0600"
S107881,client_requested,Client requested deep clean before the audit - approved
S100164,absence_cover,"uFouire akezanga namhlanje, ngimele yena"
S106903,relief_problem,relief no show AGAIN
S106247,relief_problem,next shift guard did not pitch. had to cover
S108878,late_handover,"handover late again, keys missing"
S102888,absence_cover,"double duty today, Mahlangu on family responsibility leave"
S107172,no_useful_information,nothing to report
S105907,cover_unspecified,stood in for Mthembu
S107272,relief_problem,"aflos het nie opgedaag nie, moes aanbly"
S107719,cover_unspecified,Covered for Motaung again - 3rd time this month
S107751,absence_cover,"September didnt come in, covered the post !"
S100406,no_useful_information,as per normal
S101019,late_handover,"late handover, waiting on paperwork"
S104171,unclear_or_mixed,"requested by centre management for load in, signed off"
S100329,relief_problem,client signed for the extra hours but real reason is relief no show again
S104084,late_handover,"late handover, waiting on paperwork"
S105455,absence_cover,Covering for Mahlangu - booked off sick
S104307,unclear_or_mixed,"requested by centre management for load in, signed off"
S107353,no_useful_information,nothing to report
S105081,relief_problem,"control room says relief coming, nobody came"
S104524,no_useful_information,all quiet
S106429,late_handover,shift handover delayed by 30 min
S103630,absence_cover,"Botha absent, took her rounds as well"
S101912,absence_cover,"covering khumalo post, no show no call"
S106449,client_requested,client requested deep clean before the audit - approved !
S102915,absence_cover,"worked through, Baloyi at the clinic"
S108089,relief_problem,"conntrol room says relief coming, nobody came"
S100063,absence_cover,"Botha didnt come in, covered the post"
S109151,no_useful_information,no incidents
S105810,cover_unspecified,covered for mauel again - 3rd time this month
S100324,relief_problem,"still on site, relief was suppose to come 06:00"
S108372,absence_cover,"worked through, Sibiya at the clinic.."
S104893,late_handover,"waited 20 min for handover, OB book not signed"
S106412,absence_cover,"uTshabalala akezanga namhlanje, ngimele yena"
S106153,cover_unspecified,stood in for Pillay..
S107045,relief_problem,relief no show AGAIN
S104802,unclear_or_mixed,"extra patrol per client email, approved by office"
S108282,client_requested,klient het ekstra ure gevra vir stocktake
S103468,late_handover,"waited 25 min for handover, OB book not signed"
S100592,client_requested,"client asked us to stay for the delivery, ok'd by centre mgmt"
S104639,unclear_or_mixed,"additional cover requested by site mgr, signed off"
S106391,no_useful_information,akukho lutho
S102310,no_useful_information,.
S108259,equipment_failure,"gate motor failed, manned it by hand till 6"
S107682,no_useful_information,-
S106087,relief_problem,"relief only arrived 06h00, stayed until then"
S101617,no_useful_information,
S103563,no_useful_information,sharp
S107432,no_useful_information,ntr
S105979,no_useful_information,fine
S107340,absence_cover,Covering for Mahlangu - bookked off sick
S103376,client_requested,"client wanted extra man on the gate for the event, approved"
S107293,relief_problem,"relief never arrived, stayed on till 6"
S100954,no_useful_information,ok
S101549,late_handover,"handover late agn, keys missing"
S100624,no_useful_information,akukho lutho
S100926,absence_cover,"covering Hendricks pos, no show no call"
S103528,unclear_or_mixed,Centre mgr requested additional cover for stocktake
S107844,client_requested,Clint requested deep clean before the audit - approved
S106119,absence_cover,"uMolefe akezanga namhlanje, ngimele yena"
S101874,relief_problem,"no replacement sent, ngicela sort this out"
S107803,no_useful_information,fine
S105335,client_requested,client asked for extra patrol after the break-in tueesday
S107833,unclear_or_mixed,"oorhandiging was laa, gewag vir sleutels"
S108358,cover_unspecified,"took Motaung shift as well, 2 posts 1 guard"
S101505,no_useful_information,
S106236,unclear_or_mixed,extra hours approved by clent for the event setup
S101047,unclear_or_mixed,Centre manager requested additional cover for stocktake
S109288,no_useful_information,all quiet
S104123,no_useful_information,nothing to report
S108613,late_handover,"oorhandiging was laat, gewag vir sleutels"
S103780,no_useful_information,nothing to report
S109338,relief_problem,relief no show again
S106991,client_requested,"client asked us to stay for the delivery, ok'd by cnetre mgmt"
S108913,relief_problem,double shift bc relief never pitched
S101184,late_handover,shift handover delayed by 25 min
S101387,absence_cover,"gedek vir Adaams, siek gemeld"
S108219,no_useful_information,nothing to report
S101599,relief_problem,client signed for the extra hours but real reason is relief no show agin
S106262,cover_unspecified,"covering Molefe post, no sow no call.."
S102769,no_useful_information,n/a
S109299,absence_cover,"Hendricks didnt come in, coevred the post"
S101576,late_handover,"waited 30 min for handover, OB book not signed !"
S104408,absence_cover,"ugNcobo akezanga namhlanje, ngimele yena"
S102020,cover_unspecified,"took Wyk shift as well, 2 posts 1 guard"
S105189,client_requested,CLIENT REQUESTED DEEP CLEAN BEFORE THE AUDIT - APPROVED
S101875,late_handover,shift handover delayed by 30 min
S103448,absence_cover,"Mokoena didnt come in, covered the pst"
S104440,relief_problem,"waited for relief, nobody came through"
S103026,relief_problem,relief no shwo AGAIN
S100892,absence_cover,"uJacobs akezanga namhlanje, ngimele yena.."
S107877,late_handover,shift handover delayed by 45 min
S108492,no_useful_information,fine
S107113,late_handover,"handover late again, keys missing"
S104838,client_requested,"cllient says stay till 06h00, dont know if office approved"
S104527,unclear_or_mixed,Covreed for Mabaso agn - 3rd time this month
S106371,absence_cover,"double duty today, Dlamini on family responsibility leave"
S108108,relief_problem,"aflos het nie opgedaag nie, moes aanbly"
S102956,late_handover,"late handover, waiting on paperwork.."
S101752,absence_cover,"gedek vir Maluleke, siek gemeld"
S103686,relief_problem,"relief never arrived, stayed on till 06h00"
S104188,cover_unspecified,"TOOK SIBIYA SHIFT AS WELL, 2 POSTS 1 GUARD"
S107471,no_useful_information,.
S107963,absence_cover,"Sithole absent, took her rounds as well.."
S101906,equipment_failure,"scrubber broke down, had to do the flooor manually"
S102383,client_requested,"client wanted extra man on the gate for the event, appoved"
S104172,equipment_failure,"generator fault, stayed to monitor"
S108025,relief_problem,"reliief only arrived 06:00, stayed until then"
S109329,client_requested,"client says stay till 6am, dont kow if office approved"
S103063,cover_unspecified,"took Wyk shift as well, 2 posts 1 guard"
S100422,absence_cover,mavuso off sick. again. covered.
S107743,absence_cover,"gedek vir Khumalo, siek gemeld !"
S100921,no_useful_information,as per normal
S108442,late_handover,"oorhandiging was laat, gewag vir sleutels"
S107824,unclear_or_mixed,Centre manager requested additional cover for stocktake
S106793,relief_problem,client signed for the extra hours but real reason is relief no show agn..
S101513,cover_unspecified,"TOOK BOTHA SHIFT AS WELL, 2 POSTS 1 GUARD"
S102046,client_requested,"client wanted extra man on the gate for the event, approved"
S108952,late_handover,"handover late again, keys missign"
S105999,cover_unspecified,stood in for Ndlovu
S103398,relief_problem,"control room syas relief coming, nobody came"
S102032,equipment_failure,"machine down again, took twice as long.."
S108170,equipment_failure,"lift out of order, everything carried up stairs, took long"
S103186,late_handover,"waited 45 min for handover, ob book not signed"
S103258,no_useful_information,n/a
S102514,absence_cover,"maluleke absent, took her rounds as well"
S101242,unclear_or_mixed,extra hours approved by cliennt for the event setup
S103855,late_handover,"oorhandiging was laat, gewag vir sleutels"
S107720,equipment_failure,"machine down again, took twce as long"
S104067,no_useful_information,sharp
S105344,absence_cover,"covering Mokoena post, no show no call"
S100153,equipment_failure,"buffer machine kaput, did the floor by hand"
S100195,unclear_or_mixed,"additional cover requuested by site maanger, signed off"
S100504,no_useful_information,quiet shift
S107445,cover_unspecified,"toko Fourie shift as well, 2 posts 1 guard"
S105589,unclear_or_mixed,extra hours approoved by clinet for the event setup
S104419,late_handover,shift handover delayed by 25 min !
S107473,absence_cover,"wroked through, naidoo at the clinic"
S101083,no_useful_information,quiet shift
S100377,equipment_failure,"masjien is stukkend, alles met die hand gedoen"
S102826,no_useful_information,n/a
S100391,relief_problem,"aflos het nie opgedaag nie, moes aabnly"
S108328,absence_cover,"covering Jacobs post, no show no call"
S100618,no_useful_information,nothing to report
S107742,relief_problem,"control room says relief coming, nobdoy came"
S104637,unclear_or_mixed,extra hours approved by client for the event setup
S100893,equipment_failure,"buffer machine kaput, did the floor by hand.."
S104125,relief_problem,"waited for relief, nobody came through"
S103628,unclear_or_mixed,extra hrs approved by client for the event setup
S106131,unclear_or_mixed,extra hrs approved by client for the event setup
S107763,no_useful_information,no incidents
S107745,unclear_or_mixed,"requested by centre management for load in, signed off !"
S106445,relief_problem,no relief. stayed. someone must please sort the roster..
S106151,late_handover,shift handover delayed by 50 min
S103016,no_useful_information,ok
S104630,equipment_failure,"lift out of order, everything carried up stairs, took long"
S104543,unclear_or_mixed,exra hours approved by client for the event setup
S104784,equipment_failure,"machine down agn, took twice as long.."
S101584,client_requested,Client requested deep clean before the audit - approved
S107058,relief_problem,"control room says relief coming, nobody came"
S100599,absence_cover,"double duty today, jacobs on family responsibility leave"
S106491,client_requested,Client asked for extra patrol after the break-in Tuesday
S108623,unclear_or_mixed,"nxt shift akafikanga, ngihlale kuze kube 0600"
S108587,absence_cover,"worked through, september at the clinic"
S107327,relief_problem,no relief. staye. someone must pleease sort the roster !
S109285,late_handover,shift handover delayed by 30 min
S104563,late_handover,shift handover delayed by 30 min
S101903,no_useful_information,no incidents
S104534,cover_unspecified,"took Wyk shift as well, 2 posts 1 guard.."
S100693,late_handover,"handover late agn, keys missing !"
S102396,relief_problem,"next shift akafikanga, ngihlale kuze kube 06h00"
S108862,client_requested,"stocktake ran over, client asked us to remain, they know they pay for it"
S106564,unclear_or_mixed,centre manager requested additional cover for stocktake
S101591,absence_cover,"uAdams akezanga namhlanje, ngimele yena"
S107632,late_handover,shift handover delayed by 40 min
S107123,late_handover,"oorhandiging was laat, geewag vir sleutels"
S100716,absence_cover,Botha off sick. again. covered
S106552,absence_cover,Covering for Khumalo - booked off sick
S108889,equipment_failure,"masjien is stukkend, alles met die hand gedoen"
S100160,relief_problem,"aflos het nie opgedaag nie, moes aanbly"
S108113,client_requested,"client wanted extra man on the gate for the event, approved"
S104315,cover_unspecified,Covered for Zulu agn - 3rd time this month
S100588,late_handover,"oorhandiging was laat, gewag vir sletuels"
S106213,absence_cover,"Radebe didnt come in, covered the post"
S102110,client_requested,"client says stay till 0600, dont know if office approved"
S103965,absence_cover,"Mavuso didnt come in, covered the post"
S102765,equipment_failure,"buffer mcahine kaput, did the floor by hand.."
S102065,client_requested,"CLIENT ASKED US TO STAY FOR THE DELIVERY, OK'D BY CENTRE MGMT"
S108797,client_requested,Client requested deep clean before the audit - approved
S100570,no_useful_information,no incidents
S106130,unclear_or_mixed,extra hours approved by client for the event setup
S105900,absence_cover,"covering Maluleke post, no show no call"
S100159,equipment_failure,"lift out of order, everything carried up stairs, took long"
S107412,client_requested,Client requested deep clean before the audit - approved
S104919,relief_problem,double shift bc relief never pitched
S104519,equipment_failure,"SCRUBBER BROKE DOWN, HAD TO DO THE FLOOR MANUALLY"
S104625,equipment_failure,"scrubber broke down, had to do the floor manually"
S104230,absence_cover,"HENDRICKS DIDNT COME IN, COVERED THE POST"
S107710,equipment_failure,"buffer machine kaput, did the floor by hand.."
S107512,no_useful_information,no issues on site
S107337,relief_problem,next shift guard did not pitch. had to cover.
S109128,no_useful_information,sharp
S104122,no_useful_information,-
S100731,late_handover,"late handover, waiting on paperwork"
S107041,client_requested,"client says stay till 0600, dont know if offcie approved"
S107057,no_useful_information,no incidents
S108017,relief_problem,"relief only arrived six, stayed until thhen"
S100815,no_useful_information,
S105108,equipment_failure,"buffer machine kaput, did the floor by hand"
S104091,absence_cover,"double duty today, Ngcobo on family responsibility leave"
S105998,no_useful_information,sharp
S106138,relief_problem,"relief only arrived 06:00, stayed until then"
S103597,absence_cover,"covering Molefe post, no show no call.."
S107765,relief_problem,no relief. stayed. someone must please sort the roster
S102732,cover_unspecified,stood in for Khumalo
S100013,relief_problem,"no replacement sent, ngicela sort this out"
S107891,absence_cover,"covering Radebe post, no show no call"
S104320,relief_problem,client signed for the extra hrs but real reason is relief no show again
S103450,client_requested,"client wanted extra man on the gate for the event, approved"
S105833,unclear_or_mixed,Centre manager requested additional cover for stocktake..
S107430,equipment_failure,"buffer machine kaput, did the floor by hand"
S105324,late_handover,"waited 20 min for handover, OB book not signed"
S101068,absence_cover,"mavuso didnt come in, covered the post"
S103089,cover_unspecified,"took Mavuso shift as well, 2 posts 1 guard"
S106346,client_requested,"CLIET SAYS STAY TILL 0600, DONT KNOW IF OFFICE APPROVED"
S100845,no_useful_information,n/a
S101082,no_useful_information,-
S102397,relief_problem,"relief oly arrived six, stayed until then"
S101577,client_requested,"stocktake ran over, client asked us to remain, they know they pay for it"
S103386,no_useful_information,akukho lutho
S100261,unclear_or_mixed,"extra patrol per client email, approved by office"
S108560,absence_cover,"Motaung absent, took her rounds as well"
S100346,equipment_failure,"gate motor faled, manned it by hand till 06h00"
S107758,relief_problem,"waited for relief, nobody came through"
S103760,relief_problem,client signed for the extra hours but real reason is relief no show agn
S105632,late_handover,"late handover, waiting on paperwork"
S102162,no_useful_information,quiet shift
S106556,equipment_failure,"gate motor failed, manned it by hand till six"
S106150,absence_cover,"DOUBLE DUTY TODAY, WYK ON FAMILY RESPONSIBILITY LEAVE"
S104946,no_useful_information,ok
S109135,late_handover,"late handover, waiting on paperwork"
S107358,unclear_or_mixed,"extra patrool per client email, approved by office"
S108965,client_requested,"client says stay till six, dont know if office approved"
S107557,absence_cover,Balloyi off sick. agn. covered
S102889,client_requested,"client says stay till 6am, dont know if office approved"
S101114,client_requested,klient het ekstra ure gevra vir stocktake !
S104158,unclear_or_mixed,"client says say till 6am, dont know if office approved"
S108836,relief_problem,"waited for relief, nobody came through"
S103378,unclear_or_mixed,"handover laet agn, keys missing"
S108174,late_handover,shift handover delayed by 20 min..
S102121,no_useful_information,akukho lutho
S106272,unclear_or_mixed,"additional cover requested by site manager, signed off"
S102883,client_requested,"client asked us to stay for the delivery, ok'd by centre mgmt"
S104413,absence_cover,"double duty today, Zulu on family responsibility leave"
S102630,cover_unspecified,"took dlamini shift as well, 2 posts 1 guard"
S103206,cover_unspecified,stood in for Fourie
S103609,absence_cover,"gedek vir Ndlovu, siek gemeld"
S103551,unclear_or_mixed,CLIETN ASKED FOR EXTRA PATROL AFTER THE BREAK-IN TUESDAY
S107118,client_requested,klient het ekstra ure gevra vir stocktake
S107491,absence_cover,zulu off sick. again. coveered.
S103775,equipment_failure,"scrubber broke down, had to do the floor manually.."
S104429,absence_cover,"Septeember didnt come in, covered the post"
S104005,absence_cover,"Mabaso didnt come in, covered the post"
S102885,no_useful_information,sharp
S106574,no_useful_information,ntr
S104365,unclear_or_mixed,"additional cover requested by site mgr, signed off"
S105303,unclear_or_mixed,extra hours approved by client for the event setup
S102254,client_requested,"client says stay till 6, dont know if office approved"
S102028,client_requested,"stocktake ran over, client asked us to reemain, they know they pay for it"
S107739,client_requested,klient het ekstra ure gevra vir stocktake..
S100313,equipment_failure,"generator fault, stayed to monitor"
S105239,equipment_failure,"scrubber broke down, had to do the floor manually"
S101500,absence_cover,"Sithole absent, took her rounds as well"
S109296,relief_problem,"NEXT SHIFT AKAFIKANGA, NGIHLALE KUZE KUBE 0600.."
S109301,cover_unspecified,"took Wyk shift as well, 2 posts 1 gard.."
S102605,no_useful_information,n/a
S103931,no_useful_information,niks om te rapporteer nie
S102420,late_handover,"oorhandiging was laat, gewag vir sleutels"
S108871,client_requested,Client askeed for extra patrol afetr the break-in Tuesday
S105150,no_useful_information,-
S106438,cover_unspecified,stood in for Mabaso
S102631,relief_problem,"NEXT SHIFT AKAFIKANGA, NGIHLALE KUZE KUBE 06:00"
S105083,unclear_or_mixed,"additional cover requested by site manager, signed off"
S108286,equipment_failure,"masjien is stukkend, alles met die hand gedoen"
S101325,client_requested,klient het ekstra ure gevra vir stocktake !
S108195,relief_problem,"relief never arrived, stayed on till 6am"
S104015,cover_unspecified,"covering Motaung post, no show no caall"
S102989,late_handover,"handover late agn, keys missing"
S108078,relief_problem,Next shift guard did not pitch. Had to covr.
S106439,absence_cover,"double duty today, Sithole on family responsibility leave"
S101779,late_handover,"late handover, waiting on paperwork"
S101122,absence_cover,PILLAY OFF SICK. AGN. COVERED !
S102228,cover_unspecified,stood in for Fourie
S100554,unclear_or_mixed,Centre manager requested addtional cover for stocktake..
S108850,no_useful_information,.
S106565,no_useful_information,ok
S109287,late_handover,"waited 25 min for handover, OB book not signed.."
S108347,no_useful_information,n/a
S107387,cover_unspecified,"took naidoo shift as well, 2 posts 1 guard.."
S106396,client_requested,Client asked for extra patrol after the break-in Tuesday..
S100905,no_useful_information,quiet shift
S100333,absence_cover,"geddek vir Mabaso, siek gemeld.."
S103806,absence_cover,Ndlovu off sick. aggn. covered
S103850,no_useful_information,no issues on site
S101502,unclear_or_mixed,"additional cover requested by site manager, signed off"
S106645,client_requested,client asked for extra patrol after the break-in tuesday
S104103,absence_cover,"Pillay absent, took her rounds as well"
S102856,no_useful_information,niks om te rapporteer nie
S101331,relief_problem,"no replacement sent, ngicela sort this out.."
S108104,equipment_failure,"masjien is stukkend, alles met die hand gedoen"
S102307,absence_cover,"double duty today, Maluleke on family responsibility leave"
S102886,cover_unspecified,"took Adams shift as well, 2 posts 1 guard.."
S106107,equipment_failure,"machine down again, took twice as long"
S104337,unclear_or_mixed,"requested by centre management for load in, signed off"
S106848,no_useful_information,no issues on site
S103166,no_useful_information,ok
S103384,equipment_failure,"generator fault, stayed to monitor"
S100022,client_requested,Client rquested deep clean before the audit - approved
S109118,equipment_failure,"buffer machine kaput, did the floor by hand"
S103269,no_useful_information,all good
S100388,unclear_or_mixed,"additional cover requested by site manager, signed off"
S103014,absence_cover,"Sithole absent, took her rounds as well"
S103608,relief_problem,"aflos het nie opgedaag nie, moes aanbly"
S104501,no_useful_information,all fine
S103366,no_useful_information,quiet shift
S101518,late_handover,"waited 30 min for handover, ob book not signed"
S102859,equipment_failure,"scrubber broke down, had to do the floor manually"
S106529,client_requested,"client asked us to stay for the delivery, ok'd by centre mgmt"
S104422,no_useful_information,all fine
S100738,relief_problem,double shift bc relief never pitched
S102143,no_useful_information,ok
S101484,late_handover,"waited 45 min for handover, OB book not signed"
S105299,no_useful_information,n/a
S100204,no_useful_information,all good
S105768,client_requested,client asked for extra patrol after the break-in tuesday
S107100,no_useful_information,n/a
S106646,client_requested,client requested deep clean befroe the audit - approved
S104821,unclear_or_mixed,"oorhandiging was lat, gewag vir sleutels"
S101034,no_useful_information,no issues on site
S103226,client_requested,Client requested deep clean before the audit - approved..
S106671,unclear_or_mixed,"requested by centre management for load in, signed off"
S109348,relief_problem,client signed for the extra hours but real reason is relief no show agn
S105269,absence_cover,"covering Sibiya post, no show no call"
S103800,no_useful_information,nothing to report
S108275,relief_problem,relif no show AGAIN
S102865,client_requested,Client asked for extra patrol after the break-in Tuesday
S102439,no_useful_information,all good
S107217,equipment_failure,"buffer machine kaput, did the floor by hand"
S102952,no_useful_information,ntr
S108076,client_requested,"CLIENT ASKED US TO STAY FOR THE DELIVERY, OK'D BY CENTRE MGMT"
S100629,cover_unspecified,COVERED FOR WYK AGAIN - 3RD TIME THIS MONTH
S108051,equipment_failure,"masjien is stukkend, alles met die hand gedoen"
S108033,relief_problem,Next shift guard did not pitch. Had to cover.
S108562,absence_cover,Covering for Adams - booked off sick
S104862,late_handover,"handover late again, keys missing"
S102855,relief_problem,Next shift guard did not pitch. Had to cover.
S103428,absence_cover,"zulu absent, took her rounds as well"
S103584,absence_cover,"worked through, baloyi at the clinic"
S106947,late_handover,shift handover delayed by 40 min
S108154,no_useful_information,.
S105631,absence_cover,Khumalo off sick. again. covered.
S104568,absence_cover,"Cele absent, took her rounds as well"
S105508,late_handover,"oorhandiging was laat, gewag vir sleutels"
S106033,absence_cover,Covering for Fourie - booked off sick
S106673,client_requested,Client asked for exra patrol after the break-in Tuesday
S109183,client_requested,Client requested deep clean before the audit - approveed
S108185,absence_cover,"covering Wyk post, no show no call"
S103019,relief_problem,"still on site, relief was suppose to come 06:00"
S102844,absence_cover,radebe off sick. again. covered.
S107816,absence_cover,"worked through, Maluleke at the clinic"
S101627,late_handover,"waited 40 min for handover, OB book not signed"
S108529,absence_cover,"uFourie akezanga namhalnje, ngimele yena"
S101445,equipment_failure,"masjien is stukkend, alles met die hand gedoen"
S104588,no_useful_information,all good
S108628,equipment_failure,"buffer machine kaput, did the floor by hand"
S108873,absence_cover,Fourie off sick. agn. covered.
S104017,absence_cover,"uPillay akezanga namhlanje, nimele yena !"
S106533,relief_problem,"no replacement sent, ngicela sort this out"
S101777,equipment_failure,"machine down again, took twice as long"
S103073,absence_cover,covering for nkosi - booked off sick..
S100983,no_useful_information,no issues on site
S108346,absence_cover,"covering Cele post, no show no call"
S107474,relief_problem,"control room says relief coming, nobody came"
S100715,no_useful_information,nothing to report
S106737,late_handover,"laet handover, waiting on paperwork"
S105115,absence_cover,Naidoo off sick. agn. covered.
S100577,unclear_or_mixed,"requested by centre management for load in, signed off"
S103405,no_useful_information,n/a
S105653,cover_unspecified,stood in for Jacobs
S102421,client_requested,"stocktake ran over, client asked us to remain, they know they pay for it"
S102725,no_useful_information,-
S103582,absence_cover,"Mabaso didnt come in, covered the post.."
S109249,no_useful_information,quiet shift
S106149,client_requested,client asked for extra patrol after the break-in tuesday
S103062,relief_problem,"no replacement sent, ngicela sort this out"
S103565,no_useful_information,ntr
S107861,no_useful_information,sharp
S100942,absence_cover,Nkosi off sick. again. covered.
S107766,absence_cover,"uAdams akezanga namhlanje, ngimele yena"
S104514,no_useful_information,ntr
S108019,equipment_failure,"BUFFER MACHINE KAPUT, DID THE FLOOR BY HAND.."
S100711,cover_unspecified,"took Wyk shift as well, 2 posts 1 guard"
S107338,cover_unspecified,"took Sithole shift as well, 2 posts 1 guard"
S105984,late_handover,"late handover, waiting on paperwork"
S100747,client_requested,"client says stay till 6am, dont know if office approved"
S103623,relief_problem,relief no show again
S106555,late_handover,shift handover delayed by 45 min
S104288,cover_unspecified,"took Sithole shift as well, 2 posts 1 guard"
S101734,absence_cover,"Mokoena absent, took her rounds as well"
S103832,relief_problem,"still on site, relief was suppose to come 06:00"
S106792,relief_problem,"no replacement sent, ngicela sort this out.."
S106354,client_requested,Client requested deep clean before the audit - approved
S102049,client_requested,"client asked us to stay for the delivery, ok'd by cnetre mgmt"
S106122,late_handover,shift handover delayed by 30 min..
S103211,unclear_or_mixed,"additional cover requested by site manager, signed off"
S103957,no_useful_information,quiet shift
S103447,relief_problem,"relief never arrived, stayed on till 06:00"
S103726,absence_cover,"worked through, fourie at the clinic"
S100818,absence_cover,"worked through, mthembu at the clinic"
S103655,late_handover,"late handover, waitnig on paperwork"
S102134,late_handover,"handover late agn, keys missing !"
S107628,no_useful_information,as per normal
S104916,absence_cover,"Mavuso absent, took her rounds as well"
S103547,relief_problem,"relief only arrived 6, stayed until then.."
S107968,relief_problem,"no replacement sent, ngicela sort this out"
S102834,equipment_failure,"gate motor failed, manned it by hand till 6"
S108466,unclear_or_mixed,"GEDK VIR MOKOENA, SEK GEMELD"
S108071,relief_problem,"waited for relief, nobody came through"
S107721,absence_cover,"WORKED THROUGH, MOTAUNG AT THE CLINIC"
S106240,relief_problem,"aflos het nie opgedaag nie, moes aanbly.."
S102816,relief_problem,client signed for the extra hours but real reason is relief no show agn
S103400,relief_problem,RELIEF NO SHOW AGAIN
S103567,absence_cover,Covering for Naidoo - booked off sick
S103011,relief_problem,"still on site, relief was suppose to coe six"
S106804,equipment_failure,"masjien is stukkend, alles met die hand gedoen"
S104038,late_handover,"late handover, waiting on paperwork"
S101555,unclear_or_mixed,Clint ased for extra patrol after the break-in Tuesday
S105556,absence_cover,"UMANUEL AKEZANGA NAMHLANJE, NGIMELE YENA"
S105003,no_useful_information,-
S107975,no_useful_information,no issues on site
S100140,relief_problem,Next shift guard did not pitch. Had to cover.
S107075,absence_cover,"double duty toda,y sibiya on family responsibility leave"
S106652,relief_problem,"still on site, relief was suppoes to come 6am"
S103478,absence_cover,"double dtuy today, Nkoi on family responsibility leave"
S101798,absence_cover,"worked through, Cele at the clinic"
S102432,late_handover,"oorhandiging was laat, gewag vir sleutels"
S105047,client_requested,"client says stay till six, donnt know if office approved"
S101552,equipment_failure,"lift out of order, everything carried up stairs, took long"
S109173,no_useful_information,.
S103055,cover_unspecified,stood in for Fourie
S106541,cover_unspecified,stood in for Mavuso
S102204,late_handover,"oorhandiging was laat, gewag vir sleutels"
S103344,unclear_or_mixed,"extra patrol per client email, approved by office"
S108105,relief_problem,"aflos het nie opgedaag nie, moes aanbly"
S102382,equipment_failure,"gate motor failed, manned it by hand till 06:00"
S106979,absence_cover,"covering mthembu post, no show no call"
S101551,relief_problem,"no replacement sent, ngicela sort this out"
S103691,client_requested,Client reuested deep clean before the audit - approved
S100590,cover_unspecified,"tok mahlangu shift as wll, 2 posts 1 guard"
S104130,relief_problem,"no replacement sent, ngicela sort this out"
S101805,equipment_failure,"masjien is stukkend, alls met die hand gedoen"
S107050,cover_unspecified,"took Nosi shift as well, 2 pots 1 guard"
S100586,relief_problem,Next shift guard did not pitch. Had to cover.
S106664,absence_cover,"Mabaso didnt come in, covered the post"
S106280,client_requested,Client requested deep clean before the audit - approved
S105325,absence_cover,"Zulu didnt come in, covered the post"
S101883,equipment_failure,"buffer machine kaput, did the floor by hand"
S108332,client_requested,"stocktake ran over, client asked us to remain, they knnow tey pay for it"
S104275,client_requested,"stocktake ran over, client asked us to remai,n they know they pay for it"
S101278,no_useful_information,ok
S106650,absence_cover,"worked through, Tshabalala at the clinic"
S109304,equipment_failure,"MAASJIEN IS STUKKEND, ALLES MET DIE HAND GEDOEN"
S100889,client_requested,"cllient wanted extra man on the gate for the event, approved"
S109279,no_useful_information,ntr
S101961,no_useful_information,fine
S108951,no_useful_information,quiet shift
S105579,equipment_failure,"lift out of order, everything carried up stairs, took long"
S103829,absence_cover,"worked through, Jaobs at the clinic"
S105821,unclear_or_mixed,"extra patrol per clent email, approved by office"
S101230,no_useful_information,ntr
S106561,equipment_failure,"srubber broke down, had to do the floor manually"
S104974,no_useful_information,all quiet
S103973,absence_cover,Covering for Sibiya - booked off sick
S100485,late_handover,shiift handover delayed by 30 min
S100306,client_requested,Client requested deep clean before the audit - approved
S105701,late_handover,"handover late agn, keys missing !"
S103796,relief_problem,no relief. stayed. someone must please sort the roster
S106442,no_useful_information,nothing to report
S108776,cover_unspecified,stood in for Ndlovu
S104245,late_handover,"oorhandiging was laat, gewag vir sleutels"
S105429,equipment_failure,"generator fault, stayed to monitor"
S104642,absence_cover,"uDlamini akezanga namhlanje, ngimele yena"
S104321,no_useful_information,quiet shift
S102395,relief_problem,"aflos het nie opgedaag nie, moes aanbly"
S100719,relief_problem,no relief. stayed. someone must pls sort the roster
S100928,late_handover,"handover late agn, keys missing"
S108001,cover_unspecified,stood in for zuul
S107901,late_handover,"late handover, waiting on paperwork"
S102369,relief_problem,Next shift guard did not pitch. Had to cover.
S108833,equipment_failure,"buffer machine kaput, did the floor by hand.."
S107059,absence_cover,"worked through, Dlamini at the clinic.."
S101604,client_requested,"client wanted etra man on the gate for the event, approved.."
S107331,absence_cover,"covering Wyk post, no show no call"
S103251,no_useful_information,all quiet
S102109,no_useful_information,all good
S103776,client_requested,"client asked us to stay for the delivery, ok'd by centre mgmt"
S104996,unclear_or_mixed,"additional cover requested by site manager, signed off"
S107964,absence_cover,"covering Mavuso post, no show no call !"
S107361,relief_problem,"control room says relief coming, nobody came"
S106102,no_useful_information,fine
S104779,relief_problem,double shift bc relief never pitched
S107267,no_useful_information,no issues on site
S109331,no_useful_information,n/a
S100873,no_useful_information,as per normal
S108180,equipment_failure,"generator fault, stayed to monitor"
S103781,unclear_or_mixed,"additional cover requested by site manager, signed off.."
S105156,relief_problem,double shift because relief never pitched
S100630,absence_cover,"Dlamini didnt come in, covered the post"
S101058,cover_unspecified,"took Fourie shift as well, 2 poosts 1 guard"
S108709,no_useful_information,all good
S102622,relief_problem,client signed for the extra hours but real reason is relief no show again
S105088,absence_cover,"Maluleke absent, took her rounds as wlel"
S102662,client_requested,Client requested deeep clean before the audit - aproved..
S101209,late_handover,"handover late again, keys missing"
S107717,absence_cover,"Sibiya didnt come in, covered the post"
S104651,absence_cover,"double duty today, Ndovu on family responsibility leave"
S100579,unclear_or_mixed,Centre mgr requested additional coer for stocktake
S106967,equipment_failure,"machine down agn, took twice as long"
S102050,absence_cover,"gedk vir Sithole, siek gemeld"
S105339,cover_unspecified,Covered for Mahlangu agn - 3rd time this month
S105952,absence_cover,"gedek vir Sibiya, siek gemeld"
S105834,equipment_failure,"generator fault, stayed to monitor"
S104442,client_requested,"client wanted extra man on the gate for the event, approved"
S104531,unclear_or_mixed,"gedek vir Motaung, siek geemld"
S100817,no_useful_information,all good
S102880,equipment_failure,"scrubber broke down, had to do the floor manually"
S108544,cover_unspecified,Covered for Zulu again - 3rd time this month
S108079,late_handover,"late handover, waiting on paperwork"
S107287,equipment_failure,"buffer machine kaput, did the floor by hand"
S109328,unclear_or_mixed,extra hrs approved by client for the event setup
S102181,cover_unspecified,Covered for Naidoo again - 3rd tie this month
S105471,no_useful_information,all good
S106973,client_requested,"client asked us to stay for the delivery, ok'd by centre mgmt.."
S100088,absence_cover,"coering Blaoyi post, no show no call.."
S105483,unclear_or_mixed,centre mgr requested additional covre for stocktake
S108451,cover_unspecified,"took Botha shift as well, 2 posts 1 guard"
S100501,equipment_failure,"generator fault, styed to mointor"
S102158,absence_cover,"uTshabalala akezanga namhlanje, ngimele yena"
S107206,no_useful_information,nothing to report
S108767,client_requested,Client asked for extra patrol after the break-in Tuesday..
S103619,unclear_or_mixed,"extra patrol per client emil, approved by office"
S105340,relief_problem,relief no show AGAIN
S106430,no_useful_information,fine
S100294,late_handover,"late handover, waiting on paperwork"
S107595,no_useful_information,as per normal
S108470,relief_problem,"next shift akafikanga, ngihlale kuze kube 0600"
S109238,no_useful_information,
S100975,late_handover,"late handover, waiting on paperwork"
S108288,relief_problem,"still on site, relief was suppose to come 6am"
S104068,client_requested,"client wantd extra man on the gate for the event, approved"
S103397,absence_cover,Covering for Khumalo - booked off sick
S104116,absence_cover,"uMaluleke akezanga namhlanje, ngimele yena"
S103456,unclear_or_mixed,"extra patrol per client email, approevd by office"
S106546,absence_cover,"khumalo didnt come in, covered the post"
S100717,relief_problem,"next shift akafikanga, ngihlale kuze kube 6am"
S106042,client_requested,client requested deep clean before the audit - approved
S104526,no_useful_information,n/a
S108657,client_requested,client asked for extra patrol after the break--in tuesday
S100595,relief_problem,client signed for the extra hours but real reason is relief no show agn..
S107088,unclear_or_mixed,"additional cover requested by site mgr, signed off"
S107885,unclear_or_mixed,extra hours approved by client for the event setup
S107627,equipment_failure,"gnerator fault, stayed to monitor.."
S106573,unclear_or_mixed,"Naidoo didt come in, covered the post"
S107746,relief_problem,"still on site, relief was suppose to come 06h00"
S107218,no_useful_information,ntr
S106989,equipment_failure,"buffer machine kaput, did the floor by hand"
S100301,relief_problem,"still on site, relief was suppose to come 06:00"
S104331,absence_cover,"molefe absent, took her rounds as well"
S102253,no_useful_information,all quiet
S107504,no_useful_information,ok
S100384,relief_problem,"control room says relief coming, nobody came"
S106492,unclear_or_mixed,"requested by centre management for load in, signed off"
S105436,equipment_failure,"machine down again, took twice as long"
S102650,no_useful_information,all quiet
S103589,relief_problem,relief no show AGAIN
S106553,relief_problem,Next shift guard did not pitch. Had to cover.
S107376,relief_problem,"next shift akafikanga, ngihlale kuze kube 6 !"
S105329,relief_problem,double shift because relief never picthed !
S109293,late_handover,"waited 45 min for handover, OB book not signed"
S106233,absence_cover,Mokoena off sick. again. covered.
S106536,absence_cover,"double duty today, Sithole on family responsibility leave"
S109261,late_handover,"handover late agn, keys missing"
S103809,relief_problem,"waited for relief, nobody caame through"
S105550,unclear_or_mixed,extra hrs apprvoed by clietn for the event setp
S102179,late_handover,"waited 40 min for handover, OB book not signed"
S102377,late_handover,"late handover, waiting on paperwork"
S105071,relief_problem,"no replacement sent, ngicela sort this out"
S105155,no_useful_information,sharp
S106680,client_requested,Client asked for extra patrool after the break-in Tuesday
S107580,absence_cover,"geddek vir wyk, siek gemeld"
S102879,late_handover,"waited 25 min for handover, OB book not signed"
S101725,no_useful_information,ok
S105880,late_handover,"late handover, waiting on paperwork"
S106235,absence_cover,"gedek vir Tshabalala, siek gemeld"
S106457,absence_cover,"USIBIYA AKEZANA NAMHLANJE, NGIMELE YENA.."
S106046,unclear_or_mixed,"extra patrol per client email, approved by office"
S107572,no_useful_information,-
S106375,relief_problem,"still on site, relieef was suppose to come six"
S103012,unclear_or_mixed,Centre mgr requested additional cover for stocktae
S109078,no_useful_information,ok
S101275,no_useful_information,.
S103735,no_useful_information,akukho lutho
S108835,client_requested,"client wanted extra man on the gate for the event, approved"
S107894,relief_problem,"relief only arrived 0600, stayed until then"
S108026,equipment_failure,"srubber broke down, had to do the floor manually"
S108082,no_useful_information,quiet shift
S108285,cover_unspecified,"took Zulu shift as well, 2 posts 1 guard"
S101069,no_useful_information,
S107875,late_handover,"oorhandiging was laat, gewag vir sleutels"
S103391,relief_problem,"relief never arrived, stayed on till six"
S101905,no_useful_information,.
S103424,client_requested,Client requested deep clean before the audit - approved
S103988,equipment_failure,"buffeer machine kaput, did the floor by hand"
S105735,absence_cover,"worked through, sibiya at the clinic"
S102953,equipment_failure,"gate motoor failed, manned it by hadn till 6"
S106580,absence_cover,"umolefe akezanga namhlanje, ngimele yena"
S108038,absence_cover,"Ndlovu absent, took her rounds as well"
S103338,unclear_or_mixed,"late hanodver, waiting on paperwork"
S106132,absence_cover,Covering for Wyk - booked off sick
S107079,client_requested,Client asked for extra patrol after the break-in Tuesday
S101822,absence_cover,"uSibiya akezanga namhlanje, ngimele yena"
S105051,late_handover,"handover late again, keys missing"
S103751,relief_problem,"still on site, relief was suppose to come six"
S108478,relief_problem,Next shift guard did not pitch. Had to cover.
S106097,relief_problem,"aflos het nie opgedaag nie, moes aanbly"
S104397,no_useful_information,nothing to report
S108061,late_handover,shift handover delayed by 30 min
S102528,equipment_failure,"generator fault, stayed to monitor !"
S100587,absence_cover,Nkosi off sick. agn. coveredd.
S109297,absence_cover,"uBotha akezanga namhlanjje, ngimele yena"
S104857,client_requested,"client says stay till 06h00, dont know if office approved"
S101939,late_handover,"waited 50 min for handover, OB book not signed"
S104803,cover_unspecified,"took Mokoena shift as well, 2 posts 1 guard"
S103509,absence_cover,"double duty today, Baloyi on family responsibility leave"
S104449,no_useful_information,sharp
S100032,relief_problem,"control room says relef coming, nobody came"
S101590,relief_problem,"control room says relief coming, nobody came"
S104355,unclear_or_mixed,"additional cover requested by site mgr, signed off"
S103661,relief_problem,"aflos het nie opgedaag nie, moes aanbly"
S102838,client_requested,"client asked us to stay for the delivery, ok'd by centre mgmt.."
S106807,client_requested,CLIENT ASKED FOR EXTRA PATROL AFTER THE BREAK-IN TUESDAY
S105053,client_requested,klient het ekstra ure gevra vir stocktake !
S102453,no_useful_information,ntr
S101640,no_useful_information,all fine
S105352,client_requested,"client says stay till six, dont know if office approved"
S106225,equipment_failure,"GENERATOR FAULT, STAYED TO MONITOR.."
S104164,equipment_failure,"scrubber broke don, had to do the floor manually"
S100309,absence_cover,Jacobs off sick. ag.n covered.
S103077,relief_problem,no relif. stayed. someone must please sort the roster
S102386,cover_unspecified,"took Mabaso shift as well, 2 posts 1 guard"
S101769,equipment_failure,"buffer machine kaput, did the floor by hand"
S104379,absence_cover,"uBotha akezanga namhlanje, ngimele yena"
S108123,no_useful_information,ntr
S101704,equipment_failure,"buffer machine kaput, did the floor by hand !"
S108837,no_useful_information,no issues on site
S103018,relief_problem,"next shift akafikanga, ngihlale kuzze kube 06h00"
S106806,absence_cover,"Naidoo didnt come in, covered the post.."
S106376,cover_unspecified,"took Nkosi shift as well, 2 posts 1 guard"
S106252,cover_unspecified,"took Naidoo shift as well, 2 posts 1 guard"
S103649,absence_cover,"uNaidoo akezanga namhlanje, ngimele yena"
S107240,unclear_or_mixed,"extra patrol per client email, approved by ofice"
S108016,client_requested,"client says stay till 06h00, dont know if office approved"
S104249,no_useful_information,all quiet
S106902,client_requested,"client says stay till 0600, dont know if office approved"
S102656,absence_cover,"Ngcobo absent, took her rounds as well.."
S109305,absence_cover,"Mokoena absent, took her rounds as well"
S105537,absence_cover,"nkosi absent, took her rounds as well !"
S102317,no_useful_information,nothing to report
S104575,no_useful_information,no issues on site
S103458,relief_problem,no relief. stayed. someone must please sort the roster !
S102929,relief_problem,"next shift akafikanga, ngihlale kuze kube 6"
S101338,no_useful_information,nothing to report
S104868,no_useful_information,niks om te rapporteer nie
S107133,relief_problem,relief no show again..
S102570,unclear_or_mixed,"sill on site, relief was spupose to come 6am"
S106476,equipment_failure,"lift out of order, everything carried up stairs, took lng"
S100784,absence_cover,"worked through, ndlovu at the clinic.."
S106925,equipment_failure,"lift out of order, everything carried up stairs, took long"
S107886,late_handover,shift handover delayed by 50 min
S102295,absence_cover,"jacobs absent, took her rounds as well"
S100775,no_useful_information,quiet shift
S103402,equipment_failure,"machine down agn, took twice as long"
S105318,relief_problem,client signed for the extra hours but real reason is relief no show agn !
S101812,no_useful_information,ntr
S102723,late_handover,"oorhandiging was laat, gewag vir sleutels"
S105460,equipment_failure,"lift out of order, everything carried up stairs, took long"
S101597,absence_cover,"double duty today, maluleke on family responsibility leave.."
S105342,absence_cover,"umthembu akezanga namhlanje, ngimele yena"
S103470,unclear_or_mixed,shft handover dealyed by 25 min
S103005,cover_unspecified,"took dlaminni shift as well, 2 posts 1 guard"
S107332,absence_cover,"gedek vir Hendricks, siek geemeld"
S104121,client_requested,client requested deep clean before the audt - approved
S103105,no_useful_information,fine
S105346,unclear_or_mixed,"machien down agn, took twice as long"
S101120,absence_cover,Zulu off sick. agn. covered.
S107414,late_handover,shift handovver delayed by 50 min
S100713,absence_cover,Naidoo off sick. again. covered..
S106901,cover_unspecified,"took mthembu shift as well, 2 pots 1 guard"
S100603,relief_problem,"waited for relief, nobody came through"
S107506,cover_unspecified,"took Wyk shift as well, 2 posts 1 guard"
S105585,equipment_failure,"scrubber broke dwn, had to do the floor mnually"
S104423,absence_cover,"DLAMINI DIDNT COME IN, COVERED THE POST"
S104093,client_requested,"client wanted extra man on the gate for the event, approved"
S109323,equipment_failure,"gate motor failed, manned it by hand till 6.."
S103163,no_useful_information,n/a
S102367,cover_unspecified,"took Tshabalala shift as well, 2 posts 1 guadr"
S104076,no_useful_information,no incidents
S101592,unclear_or_mixed,"additional cover requested by site mgr, signed off.."
S108943,no_useful_information,niks om te rapporteer nie
S108665,client_requested,"client asked us to stay for the delivery, ok'd by centre mgmt"
S101471,late_handover,"handover late agn, keys missing"
S108186,cover_unspecified,COVERED FOR NDLOVU AGAIN - 3RD TIME THIS MONTH
S102372,relief_problem,client signed for the extra hours but real reason is relief no show agn
S105629,relief_problem,"waited for relief, nobody came through"
S100238,unclear_or_mixed,extra hrs approved by client for the event setup
S103418,unclear_or_mixed,extra hours approved by client for the event setup
S108305,client_requested,klient het ekstra ure gevra vir stocktake
S102972,relief_problem,Next shift guard did not pitch. Had to cover.
S102449,unclear_or_mixed,centre mgr requested additional cover for stocktake..
S104536,absence_cover,"COVERING DLAMINI POST, NO SHOW NO CALL"
S108855,unclear_or_mixed,"requested by centre management for load in, signed off"
S106382,relief_problem,double shift bc relief never pitched
S104699,late_handover,"waited 40 min for handover, ob book not signed"
S100284,absence_cover,"double duty today, Sithole on family responsibility leave.."
S106896,unclear_or_mixed,Centre manager requested additional cover for stocktake
S102287,unclear_or_mixed,extra hrs approved by client for the event setup
S100470,absence_cover,"covering Mabaso post, no show no call.."
S103051,equipment_failure,"buffer machine kaput, did the floor by hand"
S101438,late_handover,"handover late agn, keys missing"
S104956,no_useful_information,-
S102887,relief_problem,client signed for the extra hrs but real reason is relieef no show again
S105496,relief_problem,"relief never arrived, stayed on till 06h00 !"
S107708,absence_cover,Covering for Ngcobo - booked off sick
S106406,unclear_or_mixed,"additional cover requested by site manager, signed off"
S101394,no_useful_information,
S108604,relief_problem,"relief only arrived six, stayed until then"
S101046,equipment_failure,"gate motor failed, manned it by hand till six"
S106395,absence_cover,"covering Mthembu postt, no show no call"
S108405,equipment_failure,"gate motor failed, manned it by hand till 06:00"
S102416,equipment_failure,"generator fault, stayed to monitor"
S104541,absence_cover,"Adams didnt come in, covered the post"
S108993,relief_problem,"next shift akafikanga, ngihlale kuze kube 6"
S105190,no_useful_information,as per normal
S106985,unclear_or_mixed,"extra patrol per client email, approved by officce"
S103441,relief_problem,relief no show AGAIN
S101222,no_useful_information,all good
S100315,relief_problem,"no repacement sent, ngicela sort this out"
S108612,relief_problem,double shift because reief never pitched
S104092,late_handover,"handover late agn, keys missing"
S107148,no_useful_information,all quiet
S109322,client_requested,Client asked for extra patrol after the break-in Tuesday
S103819,absence_cover,"uJacobs akezanga namhlanje, ngimele yena"
S101795,equipment_failure,"machine down agn, took twice as long.."
S106892,relief_problem,"control room sasy relief coming, nobody came"
S100706,client_requested,"cllient says stay till 6, dont know if office approved"
S100443,no_useful_information,all fine
S108441,equipment_failure,"bufefr machine kapu, did the floor by hand"
S102862,relief_problem,"no replacement sent, ngicela sort this out"
S102601,client_requested,Client asked for extra ptrol after the break-in Tuesday
S107530,absence_cover,"uFourie akezanga namhlanje, ngimele yena"
S101714,relief_problem,"relief only arrived 06:00, stayed until then.."
S103445,relief_problem,no relief. stayed. someone must please sort the roster
S100171,client_requested,Client asked for extra patrol after the break-in Tuesday..
S105092,no_useful_information,fine
S105372,no_useful_information,sharp
S107478,unclear_or_mixed,centre manager requested additional cover for stocktake
S103330,client_requested,klent het ekstra ure gevra vir stocktake
S103627,relief_problem,cliient signed for the extra hours but real reeason is relief no show agn
S104250,no_useful_information,nothing to report
S104099,no_useful_information,n/a
S107066,unclear_or_mixed,"requested by centre management for load in, signed off"
S103601,absence_cover,jacobs off sick. again. covered.
S105011,client_requested,Client requested deep clean before the audit - approved
S103634,no_useful_information,ntr
S103549,client_requested,klient het ekstra ure gevra vir stocktake
S106414,late_handover,"waited 40 min for handover, OB book not signed"
S102937,cover_unspecified,stood in for Molefe
S106884,absence_cover,"GEDEK VIR HENDRICKS, SIEK GEMELD"
S107859,no_useful_information,
S107514,client_requested,"client wanted extra man on the gate for the event, approved"
S101947,cover_unspecified,"covering Mabaso post, no show no cll"
S108374,relief_problem,"relief only arrived 06h00, stayyed until then"
S104492,relief_problem,relief no show AGGAIN
S109335,client_requested,"client asked us to stay for the delivery, ok'd by centre mgmt"
S108103,no_useful_information,no incidents
S101011,late_handover,"handover late again, keys missing"
S107101,no_useful_information,quiet shift
S100886,client_requested,klient het ekstra ure gevra vir stocktake
S103065,late_handover,"waited 40 min for handover, OB book not signed"
S105811,relief_problem,"still on site, relief was suppose to come 0600"
S100922,client_requested,"client wanted extra man on the gate for the event, approved"
S107253,equipment_failure,"machine down again, took twice as long"
S100473,client_requested,"clint says stay till six, doont know if office approved"
S101512,equipment_failure,"lift out of order, everything carried up stairs, took long"
S105973,absence_cover,"Naidoo abset, took her runds as weell"
S109203,absence_cover,"Fourie absen, took her rounds as well"
S102376,unclear_or_mixed,"extra patrol per client emaail, apprroved by office"
S104162,no_useful_information,quiet shift
S108378,absence_cover,"covering Jacobs post, no show no call"
S102860,relief_problem,"relief never arrived, stayed on till six.."
S108045,cover_unspecified,Covered for Sithole agn - 3rd time this month
S100416,unclear_or_mixed,"extra patrol per client email, approved by office"
S100553,relief_problem,"control room says relief coming, nobody came"
S106578,unclear_or_mixed,centre manager requested additional cover for stocktake !
S103436,absence_cover,"fourie didnt come in, covered the post"
S106657,late_handover,"waited 30 min for handover, OB book not signed.."
S100222,no_useful_information,
S102131,client_requested,"client asked us to stay for the deliivery, ok'd by centre mgmt"
S102206,no_useful_information,all good
S107980,relief_problem,"control room sayys relief coming, noboddy came"
S101027,no_useful_information,ntr
S102265,no_useful_information,ok
S105840,relief_problem,"no replacement sent, ngicela sort this out"
S104369,absence_cover,"covering sibiya post, no show no call"
S109245,no_useful_information,no issues on site
S106428,relief_problem,"waited for relief, nobody came through"
S106726,no_useful_information,all quiet
S104286,no_useful_information,all good
S109318,relief_problem,"control room says relief coming, nobody came"
S107314,absence_cover,"gedek vir ngcobo, siek gemeld"
S101268,cover_unspecified,"took Jacobs shift as wel, 2 posts 1 guard"
S103801,no_useful_information,sharp
S102117,late_handover,shift handover delayed by 25 min
S103605,absence_cover,Ngcobo off sick. agn. covered.
S105649,cover_unspecified,Covered for Zulu again - 3rd time this month
S103805,cover_unspecified,"covering Zulu post, no sow no call"
S104662,absence_cover,"worked through, Botha at the clinic"
S108863,absence_cover,"double duty today, sithole on family responsibility leave"
S108464,relief_problem,"next shift akafikanga, ngihlale kuze kue six"
S103768,client_requested,"client wanted extra man on the gate for the event, approved"
S106467,client_requested,Client asked for extra patrol after the break-in Tuesday
S107876,relief_problem,"relief never arrived, sayed on till 6am"
S108453,late_handover,"waited 30 min for handover, OB book not signed"
S106960,client_requested,Client asked for extra patrol after the break-in Tuessday
S107620,relief_problem,client signed for the extra hours but real reason is relief no show again
S106436,relief_problem,"control room says relief coming, nobody came"
S100015,no_useful_information,quiet shift
S109351,late_handover,"waited 45 min for handover, OB book not signed.."
S101865,late_handover,"handover late again, keys missing"
S100343,equipment_failure,"scrubber broke down, had to do the floor manually"
S102628,unclear_or_mixed,"lift out of orrder, everything carried up stairs, took long"
S105144,no_useful_information,
S106167,client_requested,Client asked for extra patrol after the break-in Tuseday
S109291,absence_cover,"COVERING MOLEFE POST, NO SHOW NO CALL"
S107036,no_useful_information,all quiet
S101324,unclear_or_mixed,"requested by centre management for load in, signed off"
S102771,relief_problem,"no replacement sent, ngicela sort this out"
S103828,equipment_failure,"lift out of order, everything carried up stairs, took long"
S106963,relief_problem,double shift bc relief never pitched..
S100350,cover_unspecified,"took Maluleke shiift as well, 2 posts 1 guard.."
S105251,no_useful_information,no incidents
S109337,relief_problem,"aflos het nie opgedaag nie, moes aanbly"
S107030,no_useful_information,akukho lutho
S107531,equipment_failure,"MACHINE DOWN AGN, TOOK TWICE AS LONG"
S103094,absence_cover,"uNaidoo akezanga namhlanje, ngimele yena"
S108359,unclear_or_mixed,"gaate motor failed, manned it by hand till 06:00"
S107983,client_requested,"stocktake ran over, client asked us to remain, they know they pay for it"
S106270,no_useful_information,ntr
S104755,no_useful_information,as per normal
S108437,relief_problem,"relief never arrived, stayed on till 6"
S108936,no_useful_information,all good
S104485,no_useful_information,
S107191,absence_cover,Mthembu off sicck. again. covered.
S107032,late_handover,"oorhandiging was laat, gewag vir sleutels.."
S107658,unclear_or_mixed,Jacobs off sic. again. covered.
S102474,no_useful_information,akukho lutho
S108807,equipment_failure,"gate motor failed, manned it by hand till 06:00"
S105639,no_useful_information,as per normal
S103380,relief_problem,Next shift guard did not pitch. Had to cover.
S100305,absence_cover,"uBaloyi akezanga namhlanje, ngimele yena.."
S106612,no_useful_information,sharp
S104114,relief_problem,"relief never arrived, stayed on till 6am"
S107752,equipment_failure,"generator fault, stayed to monitor"
S103631,relief_problem,"WAITED FOR RELIEF, NOBODY CAME THROUGH"
S101281,no_useful_information,akukho lutho
S107724,client_requested,"stocktake ran over, client asked us to remain, they know they pay for it"
S108830,unclear_or_mixed,"requested by cenre management for load in, siged off"
S106222,equipment_failure,"scrubber broke down, had to do the floor manually"
S105604,absence_cover,"ndlovu absent, took her rounds as well"
S104081,relief_problem,"no replacement sent, ngicela sort this out"
S107132,cover_unspecified,stood in for Motaug
S104538,no_useful_information,ok
S106341,absence_cover,"double duty today, sibiya on family responsibility leave"
S107889,unclear_or_mixed,"additional cover requested by site manager, signed off"
S101533,equipment_failure,"gate motor failed, manned it by hand till 06h00"
S103759,client_requested,"client wanted extra man on the gate for the event, approved"
S105298,no_useful_information,nothing to report
S104929,absence_cover,"uMolefe akezanga namhlanje, ngimele yena"
S103561,cover_unspecified,"toook motaung shift as well, 2 posts 1 guard"
S106152,no_useful_information,no issues on site
S103404,unclear_or_mixed,"took Dlamini shiift as well, 2 psots 1 guard"
S108615,absence_cover,wyk off sick. again. covered..
S100880,absence_cover,"Ndlovu absent, took her rounds as well"
S106530,late_handover,shift handover delayed by 25 min
S107460,client_requested,"stocktake ran over, client asked us to remain, they know they pay for it.."
S105794,cover_unspecified,Covered for Sithole again - 3rd time this month
S108813,client_requested,Client asked for extra patrol after the brea-kin Tuesday
S105097,relief_problem,"still on site, relief was suppose to come 06:00"
S104127,client_requested,"client asked us to stay for the delivery, ok'd by centre mgmt.."
S107343,absence_cover,"umabaso akezanga namhlanje, ngimele yena.."
S107062,equipment_failure,"lift out of order, everything carried up stairs, took long"
S100273,absence_cover,Covering for Molefe - booked off sick
S108901,no_useful_information,fine
S108349,client_requested,klieent het ekstra ure gevra vir stocktake
S107147,equipment_failure,"machine down again, took twice as long.."
S100281,unclear_or_mixed,"requested by centre management for load in, signed off !"
S100538,client_requested,"client asked us to stay for the delivery, ok'd by centre mgmt.."
S106516,late_handover,"handover late again, keys missing.."
S108299,no_useful_information,no issues on site
S100596,late_handover,shift handover delayed by 45 min
S102082,absence_cover,"covering Ndlovu post, no show no call"
S104102,absence_cover,"usibiya akezanga namhlanje, ngimele yena.."
S100691,equipment_failure,"machine down again, took twice as long"
S104098,no_useful_information,fine
S105612,absence_cover,"Botha absent, took her rounds as well.."
S101811,unclear_or_mixed,Next shifft guard did not pitch. Had to cover.
S100381,relief_problem,"still on site, relief was supose to come six"
S108015,absence_cover,"COVERING SIBIYA POST, NO SHOW NO CALL"
S106575,cover_unspecified,"took Mthembu shift as well, 2 possts 1 guard"
S104461,no_useful_information,no incidents
S109344,absence_cover,motaung off sick. again. covered.
S105742,absence_cover,"Motaung absent, took her rounds as well"
S107902,relief_problem,"next shift akafikanga, ngihlale kuze kube 06h00"
S108847,unclear_or_mixed,"reequested by centre management for load in, signed off.."
S109070,absence_cover,"gedek vir Wyk, siek gemeld"
S105652,late_handover,"handover late agn, keys missing"
S108189,client_requested,Client requested deep clean before the audit - approved..
S101786,late_handover,"handover late agian, keys missing"
S107322,client_requested,"client says stay till 06h00, dont know if office apprved"
S108597,late_handover,"handover late an, keys missing.."
S101542,relief_problem,"relief never arrived, stayed on till 06:00"
S102467,no_useful_information,sharp
S101960,unclear_or_mixed,"requested by centre management for load in, signed off"
S103581,unclear_or_mixed,extra hrs approved by client for the event setup
S100291,no_useful_information,fine
S100640,no_useful_information,quiet shift
S103417,cover_unspecified,stood in for maluleke
S103787,equipment_failure,"generator fault, stayed to monitor"
S106663,equipment_failure,"buffer machine kaput, did the floor by hand"
S109355,no_useful_information,no incidents
S101494,no_useful_information,all quiet
S106413,relief_problem,double shift beccause relief never pitched
S102366,unclear_or_mixed,"nxet shift akafikanga, ngihlale kuze kube 06:00"
S109381,equipment_failure,"scrubber broke down, had to do the floor manually"
S105820,unclear_or_mixed,extra hrs approved by client for the event setup
S103804,no_useful_information,all fine
S100567,client_requested,clint requested deep clean before the audit - approved
S107814,equipment_failure,"scrubber broke down, had to do the floor manually !"
S106214,relief_problem,double shift because relief never pitched
S104104,client_requested,"client asked us to saty for the delivery, ok'd by centre mgmt !"
S108438,cover_unspecified,stood in for Fuorie..
S106101,relief_problem,"aflos het nie opgedaag nie, mooes aanbly"
S101900,unclear_or_mixed,"extra patrol per client email, approved by office"
S101758,client_requested,Client requested deep clean before the audit - approved
S103750,equipment_failure,"gate motor failed, manned it by hand till six"
S104210,absence_cover,"Tshabalala didnt come in, covered the post.."
S102428,client_requested,"stocktake ran over, client asked us to remain, they know they pay for it"
S101589,relief_problem,"conntrol room says relief coming, nobody came"
S108459,equipment_failure,"scrubber broe down, had to do the floor manually"
S106458,client_requested,"client says stay till 6am, dont know if office approved"
S104579,late_handover,"handover late agn, keys missing"
S102522,client_requested,"client says stay till 06:00, dont know if office approved"
S101853,client_requested,"client says stay till 6, dont know if office approved"
S101531,cover_unspecified,Covered for Wyk again - 3rd time this month
S101187,no_useful_information,
S107895,relief_problem,"still on siet, relief was suppose to come 06:00.."
S106397,relief_problem,client signed for the extra hrs but real reason is relief no show agn
S106711,no_useful_information,ntr
S103587,relief_problem,"aflos het nie opgedaag nie, moes aanbly"
S100408,no_useful_information,ok
S106940,absence_cover,"Dlmini asent, took her rounds as well"
S106816,relief_problem,no relief. stayed. someone must please sort the rooster
S100299,relief_problem,"waited for relief, nobody came through"
S100549,unclear_or_mixed,"requested by centre management for load in, signed off"
S101396,absence_cover,"uMolefe akezanga namhlanje, ngimele yena.."
S100266,client_requested,klient het ekstra ure gevra vir stocktake
S106166,absence_cover,"double duty today, Fourie on family responsibility leave"
S107510,absence_cover,"covering Mahlangu post, no show no call"
S106069,equipment_failure,"gate motor failed, manned it by hand till 0h600"
S107921,unclear_or_mixed,extra hours approved by client for the event setup
S100277,late_handover,shift handover delayed by 20 min
S100712,absence_cover,adams off sick. again. covered.
S104567,no_useful_information,as per normal
S100797,no_useful_information,ok
S108503,no_useful_information,sharp
S106863,no_useful_information,no issues on site
S105139,relief_problem,Next shift guard did not pitch. Had to cover.
S108280,cover_unspecified,stood in for sibiya
S109124,client_requested,Clieent requested deep clean before the audit - approved
S106093,relief_problem,"waited for relief, nobody came through"
S106268,no_useful_information,as per normal
S105124,relief_problem,double shift because relief never pitched
S102948,relief_problem,"relief only arrived six, stayed until then.."
S101081,no_useful_information,nothing to report
S105625,unclear_or_mixed,"additional cover requested by site manager, signed off"
S104037,equipment_failure,"masjien is stukkend, alles met die hand gedoen"
S105960,absence_cover,"radebe absent, took her rounds as well"
S100537,absence_cover,Covering for Mavuso - booked off sick..
S109200,no_useful_information,ntr
S102385,cover_unspecified,stood in for Naidoo
S101042,absence_cover,"uNdlovu akezanga namhlanje, ngimele yean"
S108254,absence_cover,Covering for Fourie - booked off siick
S106011,unclear_or_mixed,"extra patrol per client email, approved by office"
S101573,absence_cover,"uNkosi akezanga namhlanje, ngimele yeena"
S105696,absence_cover,"uNkosi akezanga namhlanje, ngimele yena"
S103370,absence_cover,"coovering Baloyi post, no show no call"
S100181,relief_problem,"still on sitee, relief was suppose to come 6am"
S108268,unclear_or_mixed,Radebe off sikc. again. cvered..
S105572,no_useful_information,fine
S103808,absence_cover,"coverign Mavuso post, no show no call"
S101817,relief_problem,double shift because relief never pitched
S108371,no_useful_information,.
S108540,relief_problem,"next shift akafikanga, ngihlale kuze kube 06h00"
S106935,client_requested,"stocktake ran over, client asked us to remain, they knnow they pay for it"
S109156,equipment_failure,"generator fault, stayed to monitor"
S100726,equipment_failure,"gate motor failed, manned it by hand till six"
S103382,relief_problem,"waited for relief, nobody came through"
S102640,unclear_or_mixed,"machine dowwn aggn, took twice as long"
S103033,relief_problem,"aflos het nie opgedaag nie, moes aanbly"
S109286,client_requested,"client wanted extra man on the gate for the event, approved"
S103604,cover_unspecified,stood in for Mokoena
S100052,client_requested,Client requested deep clean before the audit - approved
S107154,no_useful_information,sharp
S107291,unclear_or_mixed,extra hrs approved by client for the event setup
S106495,client_requested,"client wanted extra man on the gate for the event, approved.."
S105669,no_useful_information,
S106182,no_useful_information,all quiet
S103440,equipment_failure,"generator fault, stayed to monitor.."
S100516,absence_cover,"double duy today, adams on family responsibility leave"
S105883,no_useful_information,-
S100363,equipment_failure,"generator fault, stayed to monitor.."
S106025,client_requested,"client says stay till six, dont know if office approved"
S103703,relief_problem,doouble shift bc relief never pitched
S103757,unclear_or_mixed,centre manager requested additional cover for stocktake
S101612,client_requested,"client asked us to stay for the delivery, ok'd by centre mgmt"
S102247,late_handover,"waited 20 min for handover, OB book not signed"
S109254,client_requested,"client says stay till six, dont know if office approved.."
S101501,late_handover,"late handover, waiting on paperwork"
S107309,no_useful_information,no incidents
S102584,equipment_failure,"masjien is stukkend, alles met die hand gedoen"
S100200,relief_problem,"no replacement sent, ngicela sort this out"
S103476,equipment_failure,"SCRUBBER BROKE DOWN, HAD TO DO THE FLOOR MANUALLY"
S108439,equipment_failure,"lift out of order, everything carried up stairs, took lng"
S108057,absence_cover,"double duty today, Sithole on family responsibility leave !"
S108088,equipment_failure,"masjien is stkkend, alles met die hand geddoen"
S103864,no_useful_information,ok
S101330,no_useful_information,akukho lutho
S108094,unclear_or_mixed,"lift out of orde,r everything carried up stairs, took long"
S108510,no_useful_information,ok
S101480,cover_unspecified,stood in for Dlamini
S109289,relief_problem,client signed for the extra hrs but real reason is relief no show agn
S102835,relief_problem,"relef only arrived 6am, stayed until then.."
S108064,absence_cover,baloyi off sick. agn. covered.
S100548,cover_unspecified,stood in for fourie
S105079,relief_problem,"control room says relief coming, nobody came"
S107135,unclear_or_mixed,Centre mgr requested additional cover for stocktake
S104344,absence_cover,"Jacobs absent, took her rounds as well"
S101630,client_requested,"stocktake ran over, client asked us to remain, they know they pay for it"
S103170,no_useful_information,fine
S101566,no_useful_information,sharp
S102828,no_useful_information,akukho lutho
S107529,absence_cover,"worked through, Zulu at the clinic"
S107515,no_useful_information,akukho lutho
S108864,relief_problem,"aflos het nie opgedaag nie, moes aanbly"
S108457,late_handover,shitf handover delayed by 25 min
S106995,absence_cover,"double duty today, Adams on family responsibility leave"
S104151,late_handover,"handover late again, keys missing"
S103790,absence_cover,"worked through, dlamini at the clinic"
S101197,no_useful_information,ntr
S101718,no_useful_information,fine
S101587,late_handover,"late handover, waitng on paperwork"
S107156,absence_cover,"usithole akezanga namhlanje, ngimeel yena"
S101092,no_useful_information,no issues on site
S106356,absence_cover,"worked through, Sithole at the clinic"
S102632,absence_cover,"uMahlangu akezanga namhlanje, ngimele yena.."
S107359,unclear_or_mixed,"additional cover requested by site manager, signed off"
S102118,no_useful_information,all quiet
S108650,absence_cover,"double duty today, Hendricks on family responsibility leave"
S105655,late_handover,"handover late agn, keys missing"
S107623,unclear_or_mixed,Centre manager requested additional cover for stocktake
S108743,absence_cover,"worked through, Mokoena at the clinic"
S100665,absence_cover,"Molefe absent, took her rounds as well"
S103435,absence_cover,"gedek vir Wyk, siek gemeld"
S106108,relief_problem,RELIEF NO SHOW AGAIN
S105842,relief_problem,"relief never arrived, stayed on till six"
S106086,unclear_or_mixed,"extra patrol per client email, approved by office !"
S104859,unclear_or_mixed,"extra patrol per client email, approved by office"
S107212,no_useful_information,
S103756,client_requested,"stocktake ran over, client asked us to remain, they know they pay for it"
S104304,relief_problem,double shift because relief never pitched
S100332,absence_cover,"covering Zulu post, no show no call"
S102371,absence_cover,Khumalo off sick. again. covered.
S107991,cover_unspecified,Covered for Ndlovu agn - 3rd time this month
S100302,client_requested,client requested deep clean before the audit - approved
S102062,absence_cover,"double duty today, Pillay on family responsibility leave"
S107810,late_handover,"oorhandiging was laat, gewag vir sleutels"
S106116,absence_cover,"gedek vir Zulu, siek gemeld.."
S104043,late_handover,"waited 25 min for handover, OB book not signed"
S104333,relief_problem,Next shift guard did not pitch. Had to cover.
S104906,equipment_failure,"machine down agn, took twice as long"
S105451,no_useful_information,all quiet
S108872,late_handover,"late handover, waiting on paperwork"
S108027,client_requested,klient het ekstra ure gevra vir stocktake
S107476,absence_cover,"worked through, Sibiya at the clinic"
S102766,no_useful_information,.
S103672,no_useful_information,no issues on site
S105472,no_useful_information,-
S107747,equipment_failure,"machine down agn, took twice as long"
S107208,late_handover,shift handover delayed by 30 min !
S107555,late_handover,SHIFT HANDOVER DELAYED BY 40 MIN
S100891,relief_problem,no relief. stayed. someone must please srt the roster
S106282,client_requested,"CLIENT ASKED US TO STAY FOR THE DELIVERY, OK'D BY CENTRE MGMT"
S102843,no_useful_information,as per normal
S109339,relief_problem,double shift beacuse relief never pitched
S104674,no_useful_information,quiet shift
S102694,no_useful_information,ok
S101629,unclear_or_mixed,Cetre manager requested additional cover for stocktake
S109086,no_useful_information,nothing to report
S108692,client_requested,klient het ekstra ure gevra vir stocktake
S107462,late_handover,"handover late again, keys missing"
S106103,cover_unspecified,covered for molefe again - 3rd time this month
S105103,no_useful_information,-
S106879,absence_cover,"uMavuso akezana namhlanje, ngimele yean"
S104654,late_handover,"handover late again, keys missing"
S101764,unclear_or_mixed,"STOCKTAKE RAN OVER, CLIENT ASKD US TO REMAIN, THEY KNOW THEY PAY FOR IT.."
S100498,client_requested,"stocktake ran over, client asked us to remain, they know tehy pay for it"
S102011,no_useful_information,all good
S103449,client_requested,"client asked us to stay for the deliverry, ok'd by centre mgmt.."
S105682,no_useful_information,all quiet
S106607,absence_cover,"wroked through, Mabaso at the clinic"
S102744,client_requested,Client requested deep clean before the audit - approved !
S103824,no_useful_information,nothing to report
S107616,no_useful_information,-
S106424,absence_cover,covering for molefe - booked off sick
S106137,late_handover,"waited 45 min for handover, ob book not signed"
S102719,equipment_failure,"machine down agn, took twice as long"
S101504,cover_unspecified,"took Sithole shift as well, 2 posts 1 guard"
S102874,absence_cover,"Ngcobo didnt come in, covered the post"
S105098,unclear_or_mixed,"requessted by centre management for load in, signed off"
S105180,cover_unspecified,"took Baloyi shift as well, 2 posts 1 guard"
S107046,late_handover,"waited 40 min for handover, OB book not signed"
S102676,absence_cover,"worked through, motaung at the clinic !"
S105322,unclear_or_mixed,extra hours approved by client for the event setup
S107350,unclear_or_mixed,Centre manager requested additional cover for stocktake
S107707,relief_problem,no relief. stayed. someone must pls sort the roster
S106277,absence_cover,"Fourie didnt come in, covered the post"
S108049,client_requested,"client wanted extra man on the gate for the event, approved"
S101735,no_useful_information,as per normal
S103842,cover_unspecified,"took Radebe shift as well, 2 posts 1 guard"
S100398,absence_cover,"double duty today, adams on family responsibility leave"
S100319,client_requested,"client asked us to stay for the delivery, ok'd by centre mgmt"
S108777,no_useful_information,no incidents
S106576,relief_problem,"control room says relief coming, nobody came"
S108538,no_useful_information,nothing to report
S106370,client_requested,"stocktake ran over, client asked us to remain, they know they pay for it"
S107336,client_requested,"client wanted extra man on the gate for the event, approved"
S106801,cover_unspecified,"took Sibiya shift as well, 2 posts 1 gurad !"
S100331,late_handover,"late handover, waitting on paperwork.."
S101887,unclear_or_mixed,extra hrs approved by client for the event setup..
S100525,unclear_or_mixed,"requested by centre management for load in, signed off"
S102246,relief_problem,"next shift akafikanga, ngihlale kuze kube six"
S108330,no_useful_information,ok
S105314,unclear_or_mixed,"khumalo didnt comme in, covered the post"
S103111,unclear_or_mixed,"requested by centre management for load in, signed off"
S106974,cover_unspecified,covering for wyk - booked off sck
S102866,relief_problem,"aflos het nie opgedaag nie, moes aanbly"
S101384,unclear_or_mixed,stod in for Sithole
S106096,absence_cover,"ufourie akezanga namhlanje, ngimele yena"
S107944,unclear_or_mixed,"requested by centre management for load in, signed off"
S101166,client_requested,klient het ekstra ure gevra vir stocktake
S104424,no_useful_information,all quiet
S102408,unclear_or_mixed,"wated 40 min for handover, OB book not signed"
S106818,no_useful_information,.
S107060,cover_unspecified,Covered for Botha again - 3rd time this month..
S100307,unclear_or_mixed,"additional cover requested by site mgr, signed off"
S103057,no_useful_information,no incidents
S106569,absence_cover,"gedek vir Mokoena, siek gemeld.."
S100134,late_handover,"waited 20 min for handover, OB book not signed"
S100649,client_requested,Client requested deep clean before the audit - approved
S102054,client_requested,kllient het ekstra ure gevra vir stocktake
S106281,cover_unspecified,Covred for Mavuso again - 3rd time this month
S105582,equipment_failure,"generator fault, stayed to monitor"
S103702,cover_unspecified,stood in for Mokoena
S100773,no_useful_information,as per normal
S103475,no_useful_information,all good
S101458,absence_cover,"COVERING MAHLANGU POST, NO SHOW NO CALL"
S108745,late_handover,"late handover, waiting on paperwork"
S108265,relief_problem,no relief. stayed. someone mut please sort the roster
S107404,no_useful_information,n/a
S107077,cover_unspecified,stood in for Sibiya
S105755,equipment_failure,"lift out of order, everything carried up stairs, took loong"
S106286,late_handover,"late handover, waiting on paperwork"
S106440,relief_problem,"next shift akafikanga, ngihlale kuze kube six"
S102086,no_useful_information,all quiet
S103486,absence_cover,"worked through, Wyk at the clinic"
S103158,late_handover,"waited 25 min for handover, OB book not signed"
S102971,unclear_or_mixed,extra hours approved by client for the event setup
S101051,no_useful_information,fine
S105647,client_requested,Client asked for extra patrol after the break-in Tuesday
S101820,absence_cover,"covering Ngcobo post, no show no call"
S101768,equipment_failure,"generator fault, stayed to monitor"
S106091,absence_cover,"worked through, mavuso at the clinic"
S105295,no_useful_information,n/a
S107709,relief_problem,no relief. stayed. someone must please sort the roster
S107617,unclear_or_mixed,"handover lae again, keys missing"
S103039,late_handover,"waited 50 min for handover, OB book not signed"
S101609,absence_cover,"covering Cele post, no show no call"
S109137,unclear_or_mixed,extra hours approved by client for the event setup
S105287,no_useful_information,as per normal
S105958,no_useful_information,quiet shift
S109346,no_useful_information,all good
S108892,absence_cover,"worked through, Sibiya at the clinic"
S107950,late_handover,"handover late again, keys missiing"
S108035,client_requested,"client wanted extra man on the gate for the event, approved"
S102930,unclear_or_mixed,"additional cover requested by site manager, signed off"
S107017,no_useful_information,niks om te rapporteer nie
S101524,relief_problem,"control room says relief coming, nobody camme"
S106728,unclear_or_mixed,"nexxt shift akafikanga, ngihlale kuze kube 06h00"
S106394,client_requested,klient het ekstrra ure gevra vir stocktake
S104415,cover_unspecified,Covered for Mthembu agn - 3rd time this month
S103765,unclear_or_mixed,"extra patrol per client email, approved by office"
S100558,unclear_or_mixed,"requested by centre management for load in, signed off"
S103614,unclear_or_mixed,"additional cover requested by site manager, signed off"
S105922,cover_unspecified,Covered for Wyk again - 3rd time this month..
S106407,absence_cover,Naidoo off sick. again. covered.
S101313,no_useful_information,sharp
S106100,late_handover,"waited 50 min for handover, ob book not signed"
S101614,relief_problem,"aflos het nie opgedaag ne, moes aanbly"
S105641,unclear_or_mixed,"double dutty today, molefe on fmaily responsibility leave.."
S104433,equipment_failure,"lift out of order, everything carried up stairs, took long"
S100057,no_useful_information,sharp
S101497,no_useful_information,n/a
S105204,equipment_failure,"buffer machine kaput, did the floor by hand"
S108450,unclear_or_mixed,"extra patrol per client email, approved by office"
S105609,client_requested,Client asked for extra patrol after the break-in Tuesday
S100795,no_useful_information,-
S104407,relief_problem,"relief only arrived 0600, stayed until then"
S105854,no_useful_information,ntr
S107175,no_useful_information,no incidents
S107368,unclear_or_mixed,"client says sttay till six, dont know if office approved"
S101748,unclear_or_mixed,Centre manager requested additional cover for stocktake
S104326,client_requested,"stocktake ran over, client asked us to remain, they know they pay for it"
S108683,unclear_or_mixed,"additional cover requested by site manager, signed off"
S105737,no_useful_information,fine
S109177,no_useful_information,ok
S107873,absence_cover,Sibiya off sick. agn. covered.
S100114,late_handover,"waited 25 min for handover, ob book not signed"
S103831,absence_cover,"uWyk akezanga namhlanje, ngimele yena"
S102079,no_useful_information,all good
S104665,unclear_or_mixed,Client asekd for extra patrol after the break-in Tuesday
S105651,unclear_or_mixed,"oorhandiging was lata, gewag vir sleutels"
S100389,unclear_or_mixed,"masjien is stukkedn, alles met die hand gedoen.."
S107711,late_handover,SHIFT HANDOVER DELAYED BY 40 MIN
S108496,no_useful_information,no incidents
S106753,cover_unspecified,"took botha shift as well, 2 posts 1 guard"
S103779,relief_problem,"control room says relief coming, nobody came"
S105658,client_requested,Client requested deep clean befre the audit - approved
S106880,unclear_or_mixed,"extra patrol per client email, approved by ofice"
S100276,late_handover,"late handover, waiting on paperwork"
S106220,client_requested,Client requested deep clean before the audit - approved
S107418,no_useful_information,all quiet
S104901,equipment_failure,"generator fault, stayed to monitor"
S107297,relief_problem,double shift because relief never pitched
S108899,equipment_failure,"masjien is stukkend, alles met die hand gedoen"
S102709,no_useful_information,-
S107372,absence_cover,"uNgcobo akezanga namhlanje, ngimele ynea"
S109370,relief_problem,"still on site, relief was suppose to come 06:00"
S109272,equipment_failure,"generator fault, stayed to monitor"
S103799,relief_problem,"relief never arrived, stayed on till 06h00"
S104108,relief_problem,next shift guard did not pitch. had to cover..
S102977,absence_cover,"gedek vir Mthembu, siek gemeld !"
S103868,unclear_or_mixed,"requested by centre management for load in, signed off"
S107802,no_useful_information,.
S104312,no_useful_information,.
S107243,absence_cover,"worked through, Sibiya at the clinic"
S100325,client_requested,klient het ekstra ure gevra vir stocktake
S101773,client_requested,"client says stay till 06h00, dont know if office approved"
S108846,late_handover,"handover late agn, keys missing"
S101203,absence_cover,"gedek vir Mthembu, siek gemeld"
S106597,client_requested,"client says stay till 06h00, dont know if office approved"
S101888,relief_problem,no relief. stayed. someone mut please sort the roster..
S107461,relief_problem,"aflos het nie opgedaag nie, moes aanly"
S106344,absence_cover,"umaluleke akezanga namhlanje, ngimele yeena"
S109397,no_useful_information,fine
S105504,client_requested,"client asked us to stay for the delivery, ok'd by centre mgmt"
S102288,unclear_or_mixed,extra hrs approved by client for the event setup
S104628,absence_cover,Covering for Adams - booked off sick
S106519,relief_problem,no relief. stayed. someone must please sort the roster
S104644,no_useful_information,niks om te rapporteer nie
S100172,absence_cover,"uSibiya akezanga namhlanje, ngimele yena"
S108096,relief_problem,RELIEF NO SHOW AGAIN
S103599,late_handover,shift handover deelayed by 40 min !
S108176,client_requested,"stocktake ran over, client asked us to remain, they know they pay for it"
S105643,late_handover,"handover late again, keys missing"
S101740,unclear_or_mixed,extra hrs approved by client for the event setup
S102995,no_useful_information,as per normal
S104319,absence_cover,"Tshabalala absent, took her rounds as well"
S106228,unclear_or_mixed,"extra patrol per client email, approved by office"
S107960,absence_cover,"covering Naidoo post, no show no call"
S104406,late_handover,"oorhandiging was laat, gewag vir sleutels"
S103004,unclear_or_mixed,"requested by centre managemennt for load in, signed off !"
S104421,equipment_failure,"scrubber broke down, had to do the floor manually"
S103392,relief_problem,"next shift akafikanga, ngihlale kuze kube 6.."
S101089,equipment_failure,"masjien is stukkend, ales met die hand gedoen !"
S107862,equipment_failure,"lift out of order, everything carried up stairs, took long"
S100345,absence_cover,"uMahlangu akezanga namhlanje, ngimele yena"
S106623,absence_cover,"double duty today, Hendricks on family responsibility leave"
S108674,client_requested,"client says stay till 0600, dont know if office approved"
S108192,client_requested,"stocktake ran over, client asked us to remain, they know they pay for it"
S104689,absence_cover,"Maluleke didnt come in, covered the post"
S104878,unclear_or_mixed,"double duty today, Jacobs on family responsibility leae.."
S108196,client_requested,"client wanted extra man on the gate for the event, approved !"
S107497,absence_cover,"double duty today, Motaung on family responsibility leave"
S103401,relief_problem,no relief. stayed. someone must please sort the roster
S100710,relief_problem,"no replacment sent, ngicela sort this out"
S105319,absence_cover,"double duty today, Sibiya on family responsibility leave"
S103592,relief_problem,"relief only arrived sxi, stayed until then.."
S108446,client_requested,kliennt het ekstra ure gevra vir stocktake
S107986,unclear_or_mixed,"extra patrol per client email, approved by office"
S106383,absence_cover,"ungcobo akezanga namhlanje, ngimele yena"
S109100,client_requested,"client wanted extra man on the gate for the event, approved"
S104885,late_handover,"late handover, waiting on paperwork !"
S103044,relief_problem,double shift bc relief never pitched
S105817,no_useful_information,ok
S103443,equipment_failure,"lift out of order, everything carried up stairs, took long"
S105267,equipment_failure,"bfufer machine kaput, did the floor by hand"
S106432,late_handover,"oorhandiging was laat, gewag vir sleutels"
S107698,relief_problem,"no replacement sent, ngicela sort this out"
S106374,unclear_or_mixed,Centre mgr requested additional cvoer for stocktake
S107985,cover_unspecified,stood in for zulu
S105143,equipment_failure,"lift out of order, everything caried up stairs, took long"
S105302,unclear_or_mixed,"double duty today, Fourie on famiy responsibility leave"
S101859,client_requested,klient het ekstra ure gevra vir stocktake
S100868,no_useful_information,ntr
S100269,relief_problem,no relief. stayed. someone must please sort the roster
S108858,absence_cover,"botha didnt come in, covered the post.."
S108494,client_requested,"client says stay till 6, dont kow if office approved"
S100283,late_handover,"oorhandiging was laat, gewag vir sleutles !"
S108586,unclear_or_mixed,"handover latte again, keys missing"
S100771,cover_unspecified,Covered for Fourie again - 3rd time this month..
S105780,no_useful_information,ntr
S104883,no_useful_information,ok
S107995,cover_unspecified,stood in for mabaso
S106316,unclear_or_mixed,extra hrs appproved by client for the event setup
S103446,equipment_failure,"generator fault, stayed to monitor"
S100535,unclear_or_mixed,"generator falut, stayed to monitor"
S107049,equipment_failure,"lift out of order, everything carried up stairs, took long"
S102839,relief_problem,"aflos het nie opgedaag nie, moes aanblly"
S103610,relief_problem,no relief. stayed. someone must please sort the roster
S104382,no_useful_information,niks om te rapporteer nie
S108357,absence_cover,"covering Ndlovu post, no show no call"
S103685,equipment_failure,"generator fault, stayd to monitor"
S106148,late_handover,"handover late again, keys missing"
S102498,no_useful_information,ntr
S107042,absence_cover,"covering Molefe post, no show no call"
S104646,client_requested,"stocktake ran over, client asked us to remain, they know they pay for it"
S101526,absence_cover,"worked throuugh, September at the clinic"
S107967,unclear_or_mixed,"waited for releif, nobody came through"
S107549,no_useful_information,
S105630,late_handover,shift handover delayed by 30 min
S105327,absence_cover,Covering for Botha - booked off sick
S108130,unclear_or_mixed,"additional cover requested by site mgr, signed off"
S106201,no_useful_information,-
S106899,absence_cover,"uMokoena akezanga namhlanje, ngimele yena"
S107524,absence_cover,"double duty today, Sibiya on family responsibility leave"
S103153,absence_cover,"worked through, Sibiya at the clinic"
S104338,absence_cover,"Nkosi didnt come in, covered the post"
S100724,client_requested,"client wanted extra man on the gate for the evvent, approved !"
S104648,no_useful_information,.
S104083,absence_cover,"september absent, took her rounds as well"
S107344,late_handover,"handover late agn, keys missing"
S103612,unclear_or_mixed,shift hadnover delayed by 30 min
S102378,client_requested,"client waned extra man on the gate for the event, approved"
S106888,late_handover,"oorhandiging was laat, gewag vir sleutels"
S105165,unclear_or_mixed,"aflos het nie opgedaga niie, moes anbly"
S105888,client_requested,klient het ekstra ure gevra vir stocktake..
S102710,absence_cover,"tshabalala absent, took her rounds as well"
S106661,late_handover,"waited 30 min for handover, OB book not signed.."
S102302,absence_cover,"gedek vir Adams, siek gemeld"
S107989,relief_problem,"control room says relief comin, nobody came"
S105809,relief_problem,"control room says relief coming, nobody came !"
S103143,cover_unspecified,stood in for Baloyi
S102309,no_useful_information,all good
S107728,cover_unspecified,stood in for Maluleke
S107898,relief_problem,"relief only arrived 6am, stayed until then"
S106422,late_handover,"late handover, waiiting on paperwork"
S106283,unclear_or_mixed,extra hrs approved by client for the event setup
S106415,equipment_failure,"masjien is stukkend, alles met die hand gedoen"
S106276,no_useful_information,nothing to report
S103020,absence_cover,Botha off sick. agn. covered.
S108204,client_requested,klient het ekstra ure gevra vir stocktake
S101096,cover_unspecified,"tok Botha shift as well, 2 posts 1 guard"
S105634,unclear_or_mixed,"requested by centre management for load in, signed off"
S101833,absence_cover,"uhendrciks akezanga namhlanje, ngimele yena.."
S108364,unclear_or_mixed,"additional cover requested by site manager, signed off"
S103068,unclear_or_mixed,"Wyk didnt coome in, covered the post"
S101059,absence_cover,"WORKED THROUGH, SIBIYA AT THE CLINIC.."
S100360,equipment_failure,"gate motor failed, manned it by hand tilll 0600.."
S102441,absence_cover,covering for maluleke - booked off sick
S105488,no_useful_information,akukho lutho
S107400,no_useful_information,all fine
S102824,relief_problem,"control room says relief coming, nobody came"
S107235,no_useful_information,nothing to report
S106874,absence_cover,"baloyi didnt come in, covered the post"
S106788,unclear_or_mixed,"additional cover requested by site mgr, signed off"
S107521,relief_problem,"relief only arrived 06:00, stayyed until then"
S107155,no_useful_information,quiet shift
S107308,no_useful_information,all good
S107072,relief_problem,"still on site, relief was suppose to come six !"
S101898,absence_cover,"Sibiya didnt come in, covered the post"
S104077,cover_unspecified,"took Ngcobo shift as well, 2 posts 1 guard"
S102140,equipment_failure,"scrubber broke down, had to do the floor manually"
S106906,relief_problem,next shift guard did not pitch. had to cover..
S106659,absence_cover,"Wyk absent, took her rounds as well"
S108596,no_useful_information,all fine
S109349,no_useful_information,n/a
S104858,absence_cover,Covering for Ngcobo - booked off sick
S100523,relief_problem,relief no show AGAIN
S104204,absence_cover,"covering molefe post, no show no call"
S103595,absence_cover,"umolefe akezanga namhlanje, ngimele yena"
S108047,no_useful_information,all quiet
S109308,absence_cover,"uZulu akezanga namhlanje, ngimele yena"
S105050,cover_unspecified,stood in for Pillay..
S106433,unclear_or_mixed,extra hrs approved by client for the event setup
S103585,relief_problem,no relief. stayed. someone must pls sort the roster
S100972,no_useful_information,all quiet
S102704,no_useful_information,ntr
S105748,absence_cover,"Mavuso didnt come in, covered the post.."
S109111,no_useful_information,
S102010,late_handover,shift hanndover delayed by 30 min
S105626,absence_cover,"covering Mahlangu post, no show no call"
S101392,late_handover,"handover late again, keys missing"
S107771,no_useful_information,-
S104924,absence_cover,"Naidoo absent, tok her roudns as well"
S100849,no_useful_information,no issues on site
S107541,no_useful_information,fine
S103960,relief_problem,"no replacement sent, ngicela sort this out"
S102399,absence_cover,"worked through, Molefe at the clinic"
S104498,unclear_or_mixed,"requested by centre management for load in, signed off"
S100311,relief_problem,no relief. stayed. someone must please sort the roster..
S107355,absence_cover,Covering for Naidoo - booked off sick..
S105207,no_useful_information,sharp
S102913,no_useful_information,quiet shift
S104834,no_useful_information,n/a
S104231,late_handover,"oorhandiging was laat, gewag vir sleutels"
S104030,relief_problem,"waited for relief, nobody came through"
S100774,unclear_or_mixed,Centre manager requested additional cover for stocktake
S101839,no_useful_information,quiet shift
S102944,no_useful_information,n/a
S103411,unclear_or_mixed,ceentre manager rqeuested additional cover for stocktake
S108179,absence_cover,"Motaung didnt come in, covered the post"
S106154,late_handover,"waited 20 min for handover, ob book not signed !"
S106133,cover_unspecified,stood in for Wyk
S103061,equipment_failure,"generator fault, stayed to monitor.."
S100584,relief_problem,"still on site, reelief was suppose to come 06:00"
S101099,late_handover,"oorhandiging was laat, gewag vir sleutels"
S105363,absence_cover,"uJacobs akezanga namhlanje, ngimele yena"
S103710,late_handover,shift handover delayed by 20 min
S108037,equipment_failure,"lift out of order, everything carried up stairs, took long"
S105002,client_requested,Clint requsted deep clean before the audit - approved
S100043,no_useful_information,nothing to report
S102847,unclear_or_mixed,etxra hrs approved by client for the event setup
S106613,no_useful_information,sharp
S105431,cover_unspecified,stood in for Nkosi
S107244,late_handover,"waited 25 min for handover, OB book not signed"
S107699,no_useful_information,no incidents
S106140,no_useful_information,sharp
S106965,unclear_or_mixed,"requested by centre maangement for load in, signed off"
S108481,no_useful_information,ntr
S106021,client_requested,Client asked for extra patrol after the break-in Tuesdaay
S107465,no_useful_information,fine
S104653,equipment_failure,"buffer machine kaput, did the floor by hand"
S103535,no_useful_information,all quiet
S101987,no_useful_information,quiet shift
S108585,absence_cover,"worked through, Adams at the clinic"
S108003,absence_cover,"covering Hendrricks post, no show no call"
S108898,absence_cover,"ujacobs akezanga namhlanje, ngimele yena"
S100600,absence_cover,Covering for Mavuso - booked off sick
S102555,absence_cover,"gedek vir molefe, siek gemeld.."
S104010,cover_unspecified,"took Ndlovu shift as well, 2 psots 1 guard"
S103664,no_useful_information,.
S100894,client_requested,"cliennt says stay till 6, dont know if office approved.."
S109246,no_useful_information,fine
S103010,unclear_or_mixed,Centre mgr requested additional cover for stocktake..
S102008,absence_cover,"worked through, Naidoo at the clinic"
S106263,equipment_failure,"gate motor failed, manned it by hand till 06:00"
S100576,cover_unspecified,Covered for Mokoena agn - 3rd time this month
S100488,no_useful_information,fine
S107977,late_handover,"late hanover, wating on paperwork"
S100274,no_useful_information,n/a
S103348,unclear_or_mixed,Centre manager requested additional cover for stocktake
S103560,no_useful_information,all good
S103409,cover_unspecified,covered for khumalo again - 3rd time this month
S108084,late_handover,"late handover, waiting on paperwork"
S102102,no_useful_information,as per normal
S102296,no_useful_information,n/a
S102234,no_useful_information,no incidents
S106403,cover_unspecified,"took molefe shift as well, 2 posts 1 guard"
S102186,relief_problem,relief no show AGAIN
S104964,client_requested,"client says stay till 06h00, dont know if office approved"
S105846,absence_cover,"Cele absent, took her rounds as well"
S108065,absence_cover,"Jacobs didnt come in, covered the post"
S107516,no_useful_information,
S105839,late_handover,"late handover, waiting on paperwork"
S105619,no_useful_information,sharp
S102607,unclear_or_mixed,extra hours approved by client for the eent setup..
S101094,no_useful_information,.
S108677,client_requested,"stocktake ran over, client asked us to remain, they know they pay for it.."
S103485,no_useful_information,nothing to report
S102391,equipment_failure,"masjien is stukkend, alles met die hand gedoen.."
S106343,no_useful_information,ntr
S100444,no_useful_information,quiet shift
S103629,no_useful_information,quiet shift
S102490,no_useful_information,all fine
S107573,no_useful_information,-
S106955,absence_cover,maluleke off sick. again. covered.
S102351,late_handover,"handover late again, keys missing"
S107970,cover_unspecified,Covered for Fourie again - 3rd time this month
S102872,no_useful_information,.
S103390,absence_cover,Mavuso off sick. again. covered.
S103663,unclear_or_mixed,Next sift guuard did not pitch. Had to cover
S108607,no_useful_information,ok
S107110,absence_cover,"double duty today, Maluleke on family responsibility leave"
S108272,relief_problem,"aflos het nie opgedaag nie, moes aanbly.."
S101015,relief_problem,"waited for relief, nobody caem throuhg"
S105970,equipment_failure,"generator fault, stayed to monitor"
S102398,no_useful_information,fine
S100890,cover_unspecified,COVERED FOR FOURIE AGAIN - 3RD TIME THIS MONTH
S108525,no_useful_information,.
S101514,relief_problem,"control room says relief coming, nobody came"
S103076,relief_problem,"stlil on site, relief was suppose to comme 6am"
S106703,client_requested,Client asked for extra patrol affter the break-in Tuesday
S105099,relief_problem,"next shift akafikanga, ngihlale kuze kube 06:00"
S101736,cover_unspecified,"tok bothha shift as wlel, 2 posts 1 guard"
S100768,late_handover,"handover late agn, keys missing"
S103771,equipment_failure,"scrubber broke down, had to do the floor manually"
S108483,absence_cover,Covering for Molefe - booked off sick
S107757,no_useful_information,
S100188,absence_cover,"worked through, Wyk at the clinic"
S102703,no_useful_information,as per normal
S100541,no_useful_information,n/a
S103562,late_handover,"waitde 40 min for handover, OB book not signed"
S109114,absence_cover,Covering for Sibiya - booked off sick
S100401,equipment_failure,"masjien is stukkend, alles met die hand gedoen"
S107329,absence_cover,"covering jacobs post, no show no call"
S106542,absence_cover,"covering Ndlovu post, no show no call"
S106384,unclear_or_mixed,Centre manager requested additional cover for stocktake
S108050,late_handover,"oorhandiging was laat, gewag vir sleutels"
S104560,relief_problem,"still on site, relief was suppose to come 06h00"
S104444,relief_problem,"relief only arrived six, stayed until then"
S101563,absence_cover,Mokoena off sick. again. covered.
S107377,no_useful_information,sharp
S105447,no_useful_information,all fine
S109353,absence_cover,"FOURIE DIDNT COME IN, COVERED THE POST"
S103389,late_handover,shift handover delayed by 25 min
S100108,no_useful_information,niks om te rapporteer nie
S108169,client_requested,CLIENT REQUESTED DEEP CLEAN BEFORE THE AUDIT - APPROVED
S105080,client_requested,"client says stay till 6am, dont know if office approved"
S108856,relief_problem,no relief. stayed. someone must please sort the roster
S105331,absence_cover,"tshabalala didnt come in, covered the post"
S105996,no_useful_information,akukho lutho
S106246,unclear_or_mixed,"extra patrol per client email, approved by office"
S109266,cover_unspecified,stood in for Jacobs
S103118,client_requested,KLIENT HET EKSTRA URE GEVRA VIR STOCKTAKE
S103564,client_requested,Client asked for extra patrol after the break-in Tuesday
S106895,cover_unspecified,COVERED FOR NAIDOO AGAIN - 3RD TIME THIS MONH
S104664,equipment_failure,"gate motor failed, manned it by hand till 6am"
S104110,absence_cover,"Mahlangu didnt come in, covvered the post"
S102815,client_requested,Client requested deep clean before the audit - approved..
S106531,relief_problem,reliief no show AGAIN
S105761,equipment_failure,"scrubber broke down, had to do the floor manually !"
S104827,no_useful_information,fine
S109104,absence_cover,"covering ncobo post, no show no call"
S101256,no_useful_information,no incidents
S108577,no_useful_information,fine
S107482,absence_cover,"covering tshabalala post, no show no call"
S102168,unclear_or_mixed,"requested by centre management for load in, signed off"
S108588,absence_cover,"Mokoena didnt come in, covered the post"
S102903,no_useful_information,fine
S107590,no_useful_information,
S107990,relief_problem,Next shift guard did not pitch. Had to cover.
S104917,unclear_or_mixed,"client wantde extra man on the gate for the event, approved"
S106054,no_useful_information,n/a
S106651,absence_cover,"covering mavuso post, no show no call"
S105903,no_useful_information,n/a
S108918,equipment_failure,"gate motor failed, manned it by hand till six"
S103566,no_useful_information,fine
S100580,equipment_failure,"scrubber broke down, had to do the floor manually !"
S102756,no_useful_information,no incidents
S108062,absence_cover,"uBotha akezanga namhlanje, ngimele yena"
S102048,no_useful_information,all quiet
S101479,cover_unspecified,stood in for mavuso !
S100486,relief_problem,"waited for relif, noody came through"
S100254,client_requested,klient het ekstra ure gevra vir stocktake
S103600,unclear_or_mixed,"requested by centre management for load in, signed off"
S109196,no_useful_information,ok
S104748,relief_problem,"next shift akafikanga, ngihlale kuze kube 6.."
S104029,late_handover,"handover late again, keys missing"
S107997,late_handover,"waited 25 min for handover, OB book not signed"
S101101,equipment_failure,"buffer machine kaput, did the floor by hand"
S106368,cover_unspecified,"took Mthembu sift as well, 2 posts 1 guard"
S100650,late_handover,"hanodver late again, keys missing"
S102313,equipment_failure,"scrubber broke dow, had to do the floor manually"
S105832,relief_problem,no relief. stayed. someone must pleasse sort the roster
S106260,absence_cover,"Fourie absent, took her rounds as well"
S102468,absence_cover,"gedek vir Sibiya, siek gmeld !"
S103572,relief_problem,"still on site, relief was suppose to come 6am"
S105038,absence_cover,"covering Khumalo poost, no show no call"
S108041,cover_unspecified,stood in for Sibiya
S105104,client_requested,"client says stay till 6am, dont know if office approved"
S106517,absence_cover,"covering Ngcobo post, no show no call"
S103677,unclear_or_mixed,"EXTRA PATROL PER CLIENT EMAIL, APPROVED BY OFFICE"
S108890,absence_cover,"coverng Mokoena post, no show no call"
S104902,cover_unspecified,"took Zulu shift as well, 2 posts 1 guard"
S106815,absence_cover,"uKhumalo akezanga namhlanje, ngimele yena"
S106110,equipment_failure,"scrubber broke down, had to do the floor manually"
S103096,relief_problem,"still on site, relief was suppose to come 0h600"
S103034,client_requested,Client asked for extra patrol after the break-in Tuesday
S100272,unclear_or_mixed,"extra patrol per client email, approved by office"
S109168,cover_unspecified,"took radebe shift as well, 2 posts 1 guard"
S106426,absence_cover,"sibiya didnt come in, covered the post"
S106302,late_handover,"oorhandiging was laat, gewag vir sleutels.."
S101930,equipment_failure,"buffer machine kaput, did the floor by hand"
S104426,unclear_or_mixed,"Jacobs ddnt come in, covered the post"
S100225,no_useful_information,n/a
S102621,no_useful_information,all good
S105134,no_useful_information,fine
S106959,late_handover,shift handover delayed by 30 min
S100776,client_requested,"client wanted extra man on the gate for the event, approved"
S107712,relief_problem,relief no show AGAIN
S101017,no_useful_information,akukho lutho
S103042,absence_cover,Covering for Adams - booked off sick
S101783,absence_cover,"Mthembu absent, took her rounds as well"
S101489,absence_cover,"KHUMALO ABSENT, TOOK HER ROUNDS AS WELL"
S101625,client_requested,klient het ekstra ure gevra vir stocktake
S106255,no_useful_information,nothing to report
S100111,no_useful_information,no issues on site
S101389,unclear_or_mixed,"requested by centre management for load in, signed off"
S101594,absence_cover,Covering for Motaung - booked off sick
S108714,no_useful_information,.
S101860,late_handover,"oorhandiging was laat, gewag vir sleutels"
S104813,client_requested,"client wanted extra man on the gate for the event, approved"
S102738,relief_problem,"no replacement sen, ngicela sort this out"
S102457,absence_cover,"GEDEK VIR TSHABALALA, SIEK GEMELD"
S109258,no_useful_information,n/a
S104065,client_requested,klient het ekstra ure gevra vir stocktake
S106134,client_requested,klient het ekstra ure gevra vir stokctake
S104737,no_useful_information,ntr
S108111,equipment_failure,"lift out of order, everything carried up stairs, took long"
S107379,absence_cover,"uTshabalala akezanga namhlanje, ngimele yena"
S105790,unclear_or_mixed,extra hours approved by client for the event setup
S101975,unclear_or_mixed,centre mgr requested additional cover for socktake
S103015,unclear_or_mixed,"requested by centre management for load in, signed off"
S108376,relief_problem,"relief only arrived six, stayed until then"
S107834,no_useful_information,sharp
S105111,no_useful_information,no incidents
S102752,unclear_or_mixed,"requested by centre management for load in, signed off"
S104303,absence_cover,"umavuso akezanga namhlaje, ngimele yena"
S101503,absence_cover,"double duty today, Mabaso on family responsibility leave"
S107725,no_useful_information,
S106111,cover_unspecified,COVERED FOR MOLEFE AGAIN - 3RD TIME THIS MONTH
S103023,no_useful_information,niks om te rapporteer nie
S100589,cover_unspecified,stood in for Mavuso
S100308,absence_cover,"UBOTHA AKEZANGA NAMHLANJE, NGIMELE YENA.."
S104634,cover_unspecified,covered for ngcobo again - 3rd time this month
S106676,unclear_or_mixed,Centre mgr requested additional cover for stocktake
S101329,late_handover,"late handover, waiting on ppaerwork.."
S103782,no_useful_information,.
S100173,relief_problem,relief no show AGAIN
S103024,cover_unspecified,stood in for Fourie
S104314,equipment_failure,"buffer machine kaput, did the floor by hand"
S101799,cover_unspecified,"took Wyk shfit as well, 2 posts 1 guard"
S106226,late_handover,"oorhandiging was laat, gewag vir sleutels"
S101914,client_requested,"client wanted extra man on the gate for the event, approved"
S103983,no_useful_information,ok
S100260,unclear_or_mixed,"requested by centre management for laod in, siigned off"
S106095,relief_problem,relief no show AGAIN..
S104101,unclear_or_mixed,double shift because relief nevre pitched !
S102185,equipment_failure,"gate motor faied, manned it by hand till 06:00"
S101029,no_useful_information,all quiet
S106177,no_useful_information,niks om te rapporteer nie
S101540,relief_problem,"relief never arriived, stayed on till 6am.."
S103555,absence_cover,Covering for Mabaso - booked off sick
S100187,late_handover,"late handover, waiting on paperwork.."
S100994,late_handover,shift handover delayed by 30 min
S108396,no_useful_information,akukho lutho
S108964,equipment_failure,"macine down again, took twice as long.."
S105197,client_requested,Client asked for extra patrol after the break-in Tuesday
S108086,equipment_failure,"generator fault, stayed to monitor.."
S104812,absence_cover,"gedek vir Wyk, siek gemeld"
S103937,client_requested,"client asked us to stay for the delivery, ok'd by centre mgmt"
S108875,no_useful_information,all quiet
S109345,late_handover,"waited 25 min for handover, OB book not signed"
S103752,cover_unspecified,stood in for Ndlovu
S105864,no_useful_information,all good
S103788,unclear_or_mixed,"additional cover requested by site manager, signed off"
S108707,unclear_or_mixed,extra hours approved by client for the event setup..
S105904,late_handover,"waited 45 min for handover, OB book not signed"
S108183,absence_cover,"double duty today, Radebe on family responsibility leave"
S106897,client_requested,client asked for extra patrol after the break-in tuesday
S101626,relief_problem,"control room says relief coming, nobody came.."
S108720,cover_unspecified,"took botha shift as welll, 2 posts 1 guard"
S100151,relief_problem,"no replacement sent, ngicla sort this out"
S108351,client_requested,Client asked for extra patrol after the break-n Tuesday
S101876,absence_cover,"gedek vir Sibiya, siek gemeld"
S107598,absence_cover,"double dtuy today, Mabaso on family responsibility leave"
S101611,unclear_or_mixed,"additional cover requested by site manager, signed off"
S100686,absence_cover,"double dtuy today, sibiya on family responsibility leave.."
S105135,no_useful_information,ntr
S105437,late_handover,"late handoverr, waiting on paperwork.."
S107612,late_handover,shift handover delayed by 30 min
S105334,client_requested,"client asked us to stay for the delivery, ok'd by centre mgmt"
S107907,relief_problem,"relief only arrived 0600, stayed until then"
S100176,relief_problem,relief no show AGAIN
S105236,no_useful_information,quiet shift
S102422,no_useful_information,fine
S106865,late_handover,"waited 40 min for handover, OB book not signed"
S109275,relief_problem,"next shift akafikanga, ngihlale kuze kbue 0600"
S101634,client_requested,"client wanted extra man on the gate for the event, approved"
S103504,no_useful_information,-
S108589,equipment_failure,"gate motor failed, manned it by hand till 6am"
S107748,absence_cover,Covering for Raddebe - booked off sick
S100722,relief_problem,"no replacement sent, ngiceela sort thiis out"
S106105,client_requested,"client wanted extra man on the gate for the event, approved"
S108840,client_requested,Client asked for extra patrol after the break-in Tuesday
S104494,no_useful_information,all good
S104059,late_handover,"handover late agn, keys missing"
S107987,relief_problem,"control room says relief coming, nobody came"
S105786,client_requested,"client asked us to stay for the delivery, ok'd by centre mgmt !"
S101880,equipment_failure,"generator fault, stayed to monitor"
S103591,client_requested,"client says stay till 06h000, dont know if office approved"
S107064,equipment_failure,"generator fault, stayed to monitor"
S100258,cover_unspecified,"took Zulu shift as well, 2 posts 1 guard"
S101493,unclear_or_mixed,"extra patrol per client email, approved by ofice.."
S108173,absence_cover,"jacobs didnt come in, covered the psot"
S107362,equipment_failure,"gate motor failed, manned it by hand till 6am"
S106155,relief_problem,"relief only arrived 06h00, stayed until then.."
S105417,absence_cover,"covering Baloyi post, no show no call"
S107630,no_useful_information,ok
S101106,absence_cover,"gedek vir sibiya, siek gemeld"
S104193,no_useful_information,quiet shift
S100708,relief_problem,relief no show AGAN
S100746,absence_cover,covering for mthembu - booked off sick
S104863,late_handover,"handover late again, keys missing"
S104353,no_useful_information,quiet shift
S108312,equipment_failure,"lift out of order, everything carried up stairs, took long"
S107015,late_handover,shift handover delayed by 25 min
S105321,equipment_failure,"generator fault, stayed to monitor"
S101345,late_handover,"oorhandiging was laat, gewag vir sleutels.."
S105442,no_useful_information,niks om te rapporteer nie
S109354,late_handover,"late handover, waiting on paperwork"
S106794,no_useful_information,as per normal
S108276,equipment_failure,"machine down agn, toook twice as long"
S105716,relief_problem,no relief. stayed. someone must pls sort the roster
S107347,absence_cover,"covering Mabaso pst, no show no call"
S109303,cover_unspecified,"took Molefe shift as well, 2 posts 1 guard"
S106462,client_requested,"stocktake ran over, client asked us to remain, they know they pay for it"
S107420,late_handover,"waited 30 min for handover, OB book not signed.."
S108102,unclear_or_mixed,"requested by centre management for load in, signed off"
S104907,equipment_failure,"machine down ang, took twice as long.."
S104285,client_requested,Client requested deep clean bfore the audit - approved
S106215,late_handover,"late handover, waiting on paperwork"
S106269,absence_cover,"Radebe didnt come in, covered the pst"
S106418,client_requested,client requested deep clean before the audit - approved
S104318,relief_problem,double shift bc relief never pitched..
S103038,client_requested,"client asked us to stay for the delivery, ok'd by centre mgmt !"
S101593,relief_problem,"next shift akafikanga, ngihlale kuze kube 06h00"
S108484,no_useful_information,fine
S102184,client_requested,"client wanted extra man on the gate for the event, approved"
S103827,late_handover,"handover late again, keys missing"
S102641,no_useful_information,ok
S106425,client_requested,Client asked for extra patrol after the break-in Tuesday
S106887,relief_problem,relief no show AGAIN
S106310,cover_unspecified,stood in for botha
S103769,absence_cover,Covering for Molefe - booked off sick !
S109125,equipment_failure,"buffer machine kaput, did the floor by hand"
S105330,no_useful_information,all quiet
S105128,late_handover,"oorhandiging was laat, gewag vir sleutels"
S103548,unclear_or_mixed,"requested by centre management for load in, signed off"
S107828,equipment_failure,"scrubbr broke dwon, had to do the floor manually"
S107360,absence_cover,NDLOVU OFF SICK. AGN. COVERED.
S100250,unclear_or_mixed,"relief onnly arrived sixx, styed until then"
S105607,equipment_failure,"gate motor failed, manned it by hand till 0600.."
S104909,client_requested,Client asked for extra patrol after the break-in Tuesday
S105715,absence_cover,"jacobs absent, took her rounds as well"
S108256,unclear_or_mixed,"extra patrol per client email, approved by office"
S107025,no_useful_information,as per normal
S107860,client_requested,Client requested deep clean before the audit - approved
S108314,no_useful_information,no issues on site
S101579,late_handover,"handover late agin, kys missing"
S102325,no_useful_information,no issues on site
S100961,no_useful_information,akukho lutho
S103659,unclear_or_mixed,"requested by centre management for load in, signed off"
S107788,equipment_failure,"generator fault, stayed to monitor"
S106525,absence_cover,Naidoo off sick. agn. covered.
S100335,client_requested,"stocktake ran over, client asked us to remain, they know they pay for it !"
S107697,relief_problem,"next shift akafikanga, ngihlale kuze kube 06h00.."
S101797,absence_cover,"double duty today, Baloi on family responsibility leave"
S101653,client_requested,"client wanted extra man on the gate for the event, approved"
S104126,cover_unspecified,"took ngcobo shift as well, 2 posts 1 guard !"
S104313,relief_problem,client signde for the extra hours but real reaon is relief no show agn
S105082,unclear_or_mixed,Centre mgr requested additional cover for stocktake
S107328,absence_cover,Ngcobo off sick. agn. covered.
S100559,equipment_failure,"scrubber broke down, had to do the floor manually"
S107027,absence_cover,"worked through, Botha at the clinic"
S100512,unclear_or_mixed,extra houurs approvved by client for the event setup
S108843,relief_problem,"relief only arrived 0600, stayed until then"
S102407,late_handover,"waited 25 min for handover, OB book not signed"
S103766,absence_cover,"Baloyi absent, toook her rounds as well !"
S100247,equipment_failure,"gate motor failed, manned it by hand till 6.."
S107594,absence_cover,"gedek vir Mthembu, siek gemeld"
S107463,equipment_failure,"masjien is stukkend, alles met die hnd gedoen.."
S105085,absence_cover,"covering Motaung pst, no show no call"
S108449,relief_problem,"STILL ON SITE, RELIEF WAS SUPPOSE TO COME 6AM"
S100638,absence_cover,"covering Molefe post, no show no call"
S108375,client_requested,Client requested deep clean before the audit - approved
S103818,cover_unspecified,stood in for Hendricks
S103385,absence_cover,adams off sick. agn. covered.
S109204,late_handover,shift handover delayed by 40 min
S100519,no_useful_information,quiet shift
S100263,equipment_failure,"machhine down agnn, took twice as long"
S105110,unclear_or_mixed,"requested by centre management for load in, signed off"
S102851,absence_cover,"Fourie didnt come in, covered the post"
S101066,client_requested,Client requested deep clean beefore the audit - approved
S109119,relief_problem,"next shift akafikanga, ngihlale kuze kube 0600.."
S102485,absence_cover,"covering Mahlnagu post, no show no call.."
S106307,late_handover,"oorhandiging was laat, gewag vir sleutles"
S104640,late_handover,"late handover, waitng on paperwork"
S108060,relief_problem,Next shift guard did not pitch. Had to cover.
S101897,equipment_failure,"generator fault, stayed to monitor"
S103510,no_useful_information,akukho lutho
S100721,late_handover,"oorhandiging was laat, gewag vir slutels"
S109244,absence_cover,"covering dlamini post, no show no call"
S106524,client_requested,"stocktake ran over, client asked us to remain, they know they pay for it"
S104048,absence_cover,"Botha didnt come in, covered the post.."
S106279,client_requested,Client asked for extra patrol after the break-in Tuesday
S100658,no_useful_information,quiet shift
S109007,no_useful_information,-
S106677,client_requested,"client wanted extra man on the gate for the eent, approved"
S100303,no_useful_information,sharp
S104262,client_requested,klient het ekstra ure gevra vir stocktakke
S104829,no_useful_information,.
S103758,unclear_or_mixed,extra hours approved by client for the event setup
S108053,absence_cover,"uMotaung akezanga namhlanje, ngimele yena"
S100287,no_useful_information,.
S105435,late_handover,"waited 25 min for handover, ob book not signed"
S108377,unclear_or_mixed,extra hours approved by client for the event setup
S100543,equipment_failure,"gate motor failed, manned it by hand till 0600.."
S106048,client_requested,"stocktake ran over, client asked us to remain, they know thy pay for it"
S106627,unclear_or_mixed,extra hrs approved by client for the evetn setup !
S104317,equipment_failure,"machine down again, took twice as long"
S100585,unclear_or_mixed,extra hrs approved by client for the event setup
S103322,client_requested,"clent asked us to stay for the delivery, ok'd by centre mgmt"
S107281,client_requested,Client asked for extra patrol after the break-in Tuesday..
S101613,no_useful_information,no issues on site
S105263,late_handover,"oorhandiging was laat, gewag vir sleutels.."
S104844,absence_cover,"double duty today, Baloyi on family responsibility leave"
S109257,absence_cover,"UDLAMINI AKEZANGA NAMHLANJE, NGIMELE YENA.."
S101852,client_requested,"stocktake ran over, client asked us to remain, they know they pay for it"
S107993,relief_problem,no relief. stayed. soemone must please sort the roster
S101673,no_useful_information,quiet shift
S100900,relief_problem,no relief. stayed. someone must pls sort the roster
S104782,cover_unspecified,"took Sibiya shift as well, 2 posts 1 guard !"
S100369,relief_problem,"control room says relief coming, nobody came"
S107249,client_requested,client requested deep clean before the audit - approved
S100812,client_requested,"client asked us to stay for the delivery, ok'd by centre mgmt !"
S105004,absence_cover,"Maluleke didnt come in, covered the pot.."
S108127,no_useful_information,.
S104866,late_handover,"late handover, waiting on paperwork"
S104565,equipment_failure,"masjien is stukkend, alles met die hand gedoen.."
S103823,cover_unspecified,STOOD IN FOR BALOYI
S100337,unclear_or_mixed,Centre mgr requested additional cover for stocktake
S102380,client_requested,Client requested deep clean before the audit - approved
S108008,client_requested,Client requested deep claen before the audit - approved
S108054,relief_problem,CLIENT SIGNED FOR THE EXTRA HRS BUT REAL REASON IS RELIEF NO SHOW AGAIN
S105116,no_useful_information,
S107505,client_requested,"stocktake ran over, client asked us to remain, they know they pay for it"
S104470,no_useful_information,sharp
S103327,unclear_or_mixed,"EXTRA PATROL PER CLIENT EMAIL, APPROVED BY OFFICE"
S106369,late_handover,"handover late agn, keys missing"
S104425,relief_problem,Next shift guard did not pitch. Had to cover.
S106790,no_useful_information,as per normal
S101341,late_handover,"oorhandiging was laat, gewag vir sleutels"
S105660,absence_cover,"covering Adams post, no show no call"
S103413,no_useful_information,-
S108598,relief_problem,double shift becaue relief never pitched
S101586,equipment_failure,"scrubber broke down, had to do the floor manually"
S103803,absence_cover,"Motaung absent, took her rounds as well"
S108867,relief_problem,"still on site, relief was suppose to come 06:00"
S107569,absence_cover,Baloyi off sick. again. covered.
S107801,no_useful_information,akukho lutho
S109139,absence_cover,Baloyi off sick. agn. covered.
S100883,relief_problem,Next shift guard did not pitch. Had to cover.
S105070,equipment_failure,"machine down agn, took twice as long.."
S106909,relief_problem,"relief never arrived, stayed on till 0600"
S104559,unclear_or_mixed,"extra patrol per client email, apprved by office"
S108156,client_requested,"client asked us to stay for the delivery, ok'd by centre mgmt"
S106567,absence_cover,"uZuulu akezanga namhlanje, ngimele yena"
S108365,equipment_failure,"scrubber broke down, had to do the floor manually"
S106218,absence_cover,"covering Naido post, no show no call"
S101683,absence_cover,covering for khumalo - booked off sick
S104118,no_useful_information,ntr
S105077,cover_unspecified,Covered for Mokoena agaiin - 3rd time this month
S104723,no_useful_information,ok
S104246,absence_cover,covering for dlamini - booked off sick
S102918,relief_problem,"control room says relief coming, nobody came"
S103872,no_useful_information,.
S108608,absence_cover,"worked through, botha at the clinic"
S104021,absence_cover,"umahlangu akezanga namhlanje, ngimele yena"
S100496,no_useful_information,n/a
S108206,absence_cover,September off sick. again. covered.
S104343,absence_cover,"worked through, Dlamini at the clinic"
S105740,no_useful_information,nothing to report
S108052,no_useful_information,.
S101602,unclear_or_mixed,"extra patrol per client email, approved by office"
S100080,no_useful_information,sharp
S102635,cover_unspecified,"covering Hendricks post, no sow no call.."
S100562,cover_unspecified,stood in for Sibiya
S104070,no_useful_information,
S108355,equipment_failure,"gate motor failled, manned it by hand till 06:00"
S100623,no_useful_information,no issues on site
S106964,relief_problem,"next shift akafikanga, ngihlale kuze kube 6"
S101119,unclear_or_mixed,"requested by centre management for load in, signed off"
S103645,equipment_failure,"masjien is stukkend, alles met die hand gedoen"
S106135,relief_problem,client signed for the extra hrs but real reason is relief no show agn
S108455,client_requested,client asked for extra patrol after the break-in tuesday
S102759,no_useful_information,ok
S105779,no_useful_information,n/a
S105906,absence_cover,"double duty today, Adams on family responsibility leave"
S107067,unclear_or_mixed,"ADDITIONAL COVER REQUESTED BY SIITE MANAGER, SIGNED OFF !"
S103580,unclear_or_mixed,"requested by centre management for load in, signed off"
S100556,client_requested,Client requested deep clean before the audit - approved
S107252,absence_cover,"covering mabaso post, no show no call !"
S101765,no_useful_information,all good
S101796,unclear_or_mixed,extra hours approved by client for the event setup
S102693,absence_cover,Sithoel off sick. again. covered.
S101519,client_requested,"stocktake ran over, client asked us to remain, they know they pay for it"
S107164,unclear_or_mixed,"stocktake ran over, client ased us to remain, they know they pay for it"
S108036,client_requested,"client asked us to stay for the delivery, ok'd by centre mgmt.."
S109315,equipment_failure,"machine down agn, took twice as long"
S103762,absence_cover,"Ngcobo didnt come in, covered the post"
S100709,client_requested,"client asked us to stay for the delivery, ok'd by centre mgmt"
S105296,client_requested,"client says stay till six, dont knwo if office approved"
S101569,equipment_failure,"generator fault, stayed to monitor.."
S105347,no_useful_information,ntr
S103252,client_requested,client asked for extra patrol after the breaki-n tuesday !
S101449,no_useful_information,-
S100550,cover_unspecified,"tok Ndlovu shift as well, 2 posts 1 guard"
S108961,no_useful_information,ntr
S106637,absence_cover,"covering motaung post, no show no call"
S104009,cover_unspecified,"took Manuel shift as well, 2 posts 1 guard.."
S103027,absence_cover,"gedek vir Mthembu, siek gemeld"
S106515,relief_problem,"aflos het nie opgedaag nie, mes aanbly"
S106388,relief_problem,no relief. stayed. someone must please sort the roster
S100356,equipment_failure,"scrubber broke down, had to do the floor manually"
S107006,client_requested,"clieent asked us to stay for the delivery, ok'd by centre mgmt"
S100645,unclear_or_mixed,double shift bc releif never pitched
S102980,absence_cover,Sithole off sick. agn. covered.
S102720,no_useful_information,ntr
S104617,client_requested,"client wanted extra man on the gate for the event, approved"
S101508,equipment_failure,"BFUFER MACHINE KAPUT, DID THE FLOOR BY HAND"
S106544,absence_cover,"double duty today, Molefe on family responsibillity leave"
S108184,absence_cover,"gedek vir Tshabalala, siek gemeld"
S101615,relief_problem,"control room says relief coming, nobody came"
S107722,no_useful_information,as per normal
S104547,late_handover,"waited 25 min for handover, OB book not signed"
S103554,late_handover,"oorhandiging was laat, gewag vir sleutels"
S100703,unclear_or_mixed,"additional cover requested by site mgr, signed off"
S109320,unclear_or_mixed,centre managger requested additoinal coevr for stocktake
S102163,absence_cover,"Hendricks didnt come in, covered the psot"
S102922,unclear_or_mixed,"requested by centre management for load in, siged off"
S101063,late_handover,"handover late agn, keys missing"
S107410,client_requested,"stocktake ran over, client asked us to remain, they know they pay for it"
S107063,cover_unspecified,stood in for molefe
S100720,absence_cover,Wyk off sick. again. covered.
S103641,client_requested,"client says stay till 0600, dont know if office approoved.."
S101110,unclear_or_mixed,extra hrs approved by client for the event settup
S100472,no_useful_information,quiet shift
S104332,relief_problem,"next shift akafikanga, ngihlale kuze kube 6"
S103216,late_handover,"waited 50 min for handover, ob book not signed"
S102518,relief_problem,DOUBLE SHIFT BECAUSE RELIEF NEVER PITCHED
S100338,client_requested,"client wanted extra man on the gate for the event, approved"
S105613,client_requested,"client wanted extra man on the gate for the event, approved"
S103748,relief_problem,Next shift guard did not pitch. Had to cover.
S109340,cover_unspecified,stood in for nkosi
S108023,cover_unspecified,covered for september again - 3rd time this month
S107298,unclear_or_mixed,"double duty today, naidoo on fammily responsibility leave.."
S103767,client_requested,CLIENT REQUESTED DEEP CLEAN BEFORE THE AUDIT - APPROVED
S104346,client_requested,"stocktake ran over, client asked us to remain, they know they pay for it"
S105195,absence_cover,"gedek vir Baloyi, siek gemeld"
S100144,relief_problem,Next shift guard did not pitch. Had to cover.
S105423,absence_cover,"worked through, nkosi at the clinic"
S105333,cover_unspecified,"took Adams shift as well, 2 posts 1 guard"
S107610,no_useful_information,ok
S107767,relief_problem,"waited for relief, nobody came througgh"
S107972,client_requested,"client asked us to stay for the delivery, okd' by centre mgmt"
S107177,client_requested,"client asked us to stay for the delivery, okd' by centre mgmt"
S109105,equipment_failure,"masjien is stukkend, alles met die hand gedoen"
S100969,no_useful_information,all fine
S105370,absence_cover,"covering Ndlovu post, no show no call !"
S106526,no_useful_information,no incidents
S103981,equipment_failure,"buffer machine kaput, did the floor by hand"
S109295,unclear_or_mixed,"extra patrol per client email, approved by office"
S102075,absence_cover,mabaso off sick. agn. covered..
S102160,client_requested,klient het ektra ure gevra vir stocktake
S104074,equipment_failure,"scrubber broke down, had to do the floor manually"
S100166,equipment_failure,"buffer machine kaput, did the floor by hand"
S102535,no_useful_information,quiet shift
S105844,client_requested,"client asked us to stay for the delivery, ok'd by centre mgmt.."
S100735,unclear_or_mixed,"requested by centre management for load in, signed off"
S105683,client_requested,klient het ekstra ure gevra vir stocktake
S107998,relief_problem,"control room says relief coming, nobody came.."
S100574,absence_cover,covering for ngcobo - booked off sick
S103505,absence_cover,Covering for Mavuso - booked off sick
S104752,no_useful_information,.
S100876,absence_cover,"worked through, Mavuso at the clinic"
S102156,client_requested,kliennt het ekstra ure gevra vir stocktake
S106609,late_handover,shift handover delayed by 25 min
S103588,late_handover,"late handover, waiting on paperwork"
S101813,no_useful_information,ntr
S106469,unclear_or_mixed,CENTRE MANAGER REQUESTED ADDITIONAL COVER FOR STOCKTAKE
S101115,relief_problem,"control room says relief coming, nobody came"
S108703,equipment_failure,"scrubber broke down, had to do the floor manually"
